Row ID,Order ID,Order Date,Ship Date,Delv Date,Ship Mode,Customer ID,Customer Name,Segment,City,State,Country,Region,Market,Product ID,Category,Sub-Category,Product Name,Sales,Quantity,Profit,Shipping Cost,Order Priority,Year
40098,CA-2014-AB10015140-41954,11-11-2014,13-11-2014,2,First Class,AB-100151402,Aaron Bergman,Consumer,Oklahoma City,Oklahoma,United States,Central US,USCA,TEC-PH-5816,Technology,Phones,Samsung Convoy 3,221.98,2,62.1544,40.77,High,2014
26341,IN-2014-JR162107-41675,05-02-2014,07-02-2014,2,Second Class,JR-162107,Justin Ritter,Corporate,Wollongong,New South Wales,Australia,Oceania,Asia Pacific,FUR-CH-5379,Furniture,Chairs,"Novimex Executive Leather Armchair, Black",3709.395,9,-288.765,923.63,Critical,2014
25330,IN-2014-CR127307-41929,17-10-2014,18-10-2014,1,First Class,CR-127307,Craig Reiter,Consumer,Brisbane,Queensland,Australia,Oceania,Asia Pacific,TEC-PH-5356,Technology,Phones,"Nokia Smart Phone, with Caller ID",5175.171,9,919.971,915.49,Medium,2014
13524,ES-2014-KM1637548-41667,28-01-2014,30-01-2014,2,First Class,KM-1637548,Katherine Murray,Home Office,Berlin,Berlin,Germany,Western Europe,Europe,TEC-PH-5267,Technology,Phones,"Motorola Smart Phone, Cordless",2892.51,5,-96.54,910.16,Medium,2014
47221,SG-2014-RH9495111-41948,05-11-2014,06-11-2014,1,Same Day,RH-9495111,Rick Hansen,Consumer,Dakar,Dakar,Senegal,Western Africa,Africa,TEC-CO-6011,Technology,Copiers,"Sharp Wireless Fax, High-Speed",2832.96,8,311.52,903.04,Critical,2014
22732,IN-2014-JM156557-41818,28-06-2014,01-07-2014,3,Second Class,JM-156557,Jim Mitchum,Corporate,Sydney,New South Wales,Australia,Oceania,Asia Pacific,TEC-PH-5842,Technology,Phones,"Samsung Smart Phone, with Caller ID",2862.675,5,763.275,897.35,Critical,2014
30570,IN-2012-TS2134092-41219,06-11-2012,08-11-2012,2,First Class,TS-2134092,Toby Swindell,Consumer,Porirua,Wellington,New Zealand,Oceania,Asia Pacific,FUR-CH-5378,Furniture,Chairs,"Novimex Executive Leather Armchair, Adjustable",1822.08,4,564.84,894.77,Critical,2012
31192,IN-2013-MB1808592-41378,14-04-2013,18-04-2013,4,Standard Class,MB-1808592,Mick Brown,Consumer,Hamilton,Waikato,New Zealand,Oceania,Asia Pacific,FUR-TA-3764,Furniture,Tables,"Chromcraft Conference Table, Fully Assembled",5244.84,6,996.48,878.38,High,2013
40099,CA-2014-AB10015140-41954,11-11-2014,13-11-2014,2,First Class,AB-100151402,Aaron Bergman,Consumer,Oklahoma City,Oklahoma,United States,Central US,USCA,FUR-BO-5957,Furniture,Bookcases,"Sauder Facets Collection Library, Sky Alder Finish",341.96,2,54.7136,25.27,High,2014
36258,CA-2012-AB10015140-40974,06-03-2012,07-03-2012,1,First Class,AB-100151404,Aaron Bergman,Consumer,Seattle,Washington,United States,Western US,USCA,FUR-CH-4421,Furniture,Chairs,"Global Push Button Manager's Chair, Indigo",48.712,1,5.4801,11.13,High,2012
36259,CA-2012-AB10015140-40974,06-03-2012,07-03-2012,1,First Class,AB-100151404,Aaron Bergman,Consumer,Seattle,Washington,United States,Western US,USCA,OFF-AR-5309,Office Supplies,Art,Newell 330,17.94,3,4.6644,4.29,High,2012
28879,ID-2013-AJ107801-41383,19-04-2013,22-04-2013,3,First Class,AJ-107801,Anthony Jacobs,Corporate,Kabul,Kabul,Afghanistan,Southern Asia,Asia Pacific,FUR-TA-3420,Furniture,Tables,"Bevis Conference Table, Fully Assembled",4626.15,5,647.55,835.57,High,2013
45794,SA-2012-MM7260110-41269,26-12-2012,28-12-2012,2,Second Class,MM-7260110,Magdelene Morse,Consumer,Jizan,Jizan,Saudi Arabia,Western Asia,Asia Pacific,TEC-PH-3807,Technology,Phones,"Cisco Smart Phone, with Caller ID",2616.96,4,1151.4,832.41,Critical,2012
4132,MX-2013-VF2171518-41591,13-11-2013,13-11-2013,0,Same Day,VF-2171518,Vicky Freymann,Home Office,Toledo,Parana,Brazil,South America,LATAM,FUR-CH-4530,Furniture,Chairs,"Harbour Creations Executive Leather Armchair, Adjustable",2221.8,7,622.02,810.25,Critical,2013
27704,IN-2014-PF1912027-41796,06-06-2014,08-06-2014,2,Second Class,PF-1912027,Peter Fuller,Consumer,Mudanjiang,Heilongjiang,China,Eastern Asia,Asia Pacific,OFF-AP-4959,Office Supplies,Appliances,"KitchenAid Microwave, White",3701.52,12,1036.08,804.54,Critical,2014
13779,ES-2015-BP1118545-42216,31-07-2015,03-08-2015,3,Second Class,BP-1118545,Ben Peterman,Corporate,Paris,Ile-de-France,France,Western Europe,Europe,OFF-AP-3575,Office Supplies,Appliances,"Breville Refrigerator, Red",1869.588,4,186.948,801.66,Critical,2015
39519,CA-2012-AB10015140-40958,19-02-2012,25-02-2012,6,Standard Class,AB-100151402,Aaron Bergman,Consumer,Arlington,Texas,United States,Central US,USCA,OFF-ST-3078,Office Supplies,Storage,Akro Stacking Bins,12.624,2,-2.5248,1.97,Low,2012
12069,ES-2015-PJ1883564-42255,08-09-2015,14-09-2015,6,Standard Class,PJ-1883564,Patrick Jones,Corporate,Prato,Tuscany,Italy,Southern Europe,Europe,OFF-AP-4743,Office Supplies,Appliances,"Hoover Stove, Red",7958.58,14,3979.08,778.32,Low,2015
22096,IN-2015-JS156857-42035,31-01-2015,01-02-2015,1,First Class,JS-156857,Jim Sink,Corporate,Townsville,Queensland,Australia,Oceania,Asia Pacific,TEC-CO-3597,Technology,Copiers,"Brother Fax Machine, High-Speed",2565.594,9,28.404,766.93,Critical,2015
49463,TZ-2015-RH9555129-42343,05-12-2015,07-12-2015,2,Second Class,RH-9555129,Ritsa Hightower,Consumer,Uvinza,Kigoma,Tanzania,Eastern Africa,Africa,OFF-AP-4967,Office Supplies,Appliances,"KitchenAid Stove, White",3409.74,6,818.28,763.38,High,2015
46630,PL-2013-AB600103-41494,08-08-2013,10-08-2013,2,First Class,AB-600103,Ann Blume,Corporate,Bytom,Silesia,Poland,Eastern Europe,Europe,FUR-TA-4644,Furniture,Tables,"Hon Computer Table, with Bottom Storage",1977.72,4,276.84,759.47,Critical,2013
36260,CA-2012-AB10015140-40974,06-03-2012,07-03-2012,1,First Class,AB-100151404,Aaron Bergman,Consumer,Seattle,Washington,United States,Western US,USCA,OFF-ST-3744,Office Supplies,Storage,"Carina 42""Hx23 3/4""W Media Storage Unit",242.94,3,4.8588,1.28,High,2012
21586,IN-2012-JK1532527-41030,01-05-2012,02-05-2012,1,First Class,JK-1532527,Jason Klamczynski,Corporate,Suzhou,Anhui,China,Eastern Asia,Asia Pacific,FUR-CH-5774,Furniture,Chairs,"SAFCO Executive Leather Armchair, Black",2754,6,358.02,752.47,Critical,2012
13528,ES-2014-LB16795139-41697,27-02-2014,01-03-2014,2,Second Class,LB-16795139,Laurel Beltran,Home Office,Edinburgh,Scotland,United Kingdom,Northern Europe,Europe,OFF-AP-4960,Office Supplies,Appliances,"KitchenAid Refrigerator, Black",5273.7,10,1898.4,730.91,High,2014
1570,US-2015-NP1832582-42216,31-07-2015,01-08-2015,1,First Class,NP-1832582,Naresj Patel,Consumer,Juárez,Chihuahua,Mexico,Central America,LATAM,TEC-PH-5268,Technology,Phones,"Motorola Smart Phone, Full Size",1713.84,4,445.52,728.968,Critical,2015
3484,MX-2015-VD2167039-42252,05-09-2015,08-09-2015,3,First Class,VD-2167039,Valerie Dominguez,Consumer,Soyapango,San Salvador,El Salvador,Central America,LATAM,FUR-TA-4643,Furniture,Tables,"Hon Computer Table, Fully Assembled",2106.496,8,526.496,728.389,Critical,2015
30191,IN-2012-PB19210127-41259,16-12-2012,19-12-2012,3,First Class,PB-19210127,Phillip Breyer,Corporate,Taipei,Taipei City,Taiwan,Eastern Asia,Asia Pacific,FUR-TA-5060,Furniture,Tables,"Lesro Conference Table, with Bottom Storage",1715.16,2,720.36,725.57,Critical,2012
11645,ES-2012-EB1411048-40981,13-03-2012,16-03-2012,3,Second Class,EB-1411048,Eugene Barchas,Consumer,Leipzig,Saxony,Germany,Western Europe,Europe,OFF-AP-4743,Office Supplies,Appliances,"Hoover Stove, Red",3069.738,6,1364.238,725.34,Critical,2012
38460,CA-2012-AH10030140-41020,21-04-2012,23-04-2012,2,Second Class,AH-100301406,Aaron Hawkins,Corporate,Troy,New York,United States,Eastern US,USCA,OFF-FA-6129,Office Supplies,Fasteners,Staples,247.84,8,121.4416,55.2,Critical,2012
22999,IN-2013-BP1123058-41329,24-02-2013,24-02-2013,0,Same Day,BP-1123058,Benjamin Patterson,Consumer,Surat,Gujarat,India,Southern Asia,Asia Pacific,FUR-CH-5443,Furniture,Chairs,"Office Star Executive Leather Armchair, Red",1878.72,4,582.36,704.08,Critical,2013
220,US-2012-RR1952536-41270,27-12-2012,29-12-2012,2,Second Class,RR-1952536,Rick Reed,Corporate,Santo Domingo,Santo Domingo,Dominican Republic,Caribbean,LATAM,TEC-PH-5841,Technology,Phones,"Samsung Smart Phone, VoIP",1696.64,5,-148.46,704.056,Critical,2012
10648,ES-2013-BS1136545-41472,17-07-2013,19-07-2013,2,First Class,BS-1136545,Bill Shonely,Corporate,Saint-Brieuc,Brittany,France,Western Europe,Europe,TEC-MA-5503,Technology,Machines,"Okidata Inkjet, Wireless",2402.865,9,763.155,699.55,Critical,2013
40977,CA-2013-AH10030140-41635,27-12-2013,31-12-2013,4,Standard Class,AH-100301404,Aaron Hawkins,Corporate,San Francisco,California,United States,Western US,USCA,TEC-PH-4389,Technology,Phones,Geemarc AmpliPOWER60,668.16,9,75.168,45.74,Medium,2013
21286,IN-2012-DP131057-41215,02-11-2012,04-11-2012,2,Second Class,DP-131057,Dave Poirier,Corporate,Gold Coast,Queensland,Australia,Oceania,Asia Pacific,OFF-AP-3579,Office Supplies,Appliances,"Breville Stove, Red",2526.93,5,561.48,689.8,Critical,2012
40976,CA-2013-AH10030140-41635,27-12-2013,31-12-2013,4,Standard Class,AH-100301404,Aaron Hawkins,Corporate,San Francisco,California,United States,Western US,USCA,OFF-ST-4291,Office Supplies,Storage,Fellowes Super Stor/Drawer Files,323.1,2,61.389,26.7,Medium,2013
47905,CG-2012-AH1003033-41165,13-09-2012,14-09-2012,1,First Class,AH-1003033,Aaron Hawkins,Corporate,Kamina,Katanga,Democratic Republic of the Congo,Central Africa,Africa,TEC-PH-3148,Technology,Phones,"Apple Smart Phone, Full Size",3817.26,6,1068.66,678.15,High,2012
36651,CA-2012-AH10030140-41041,12-05-2012,18-05-2012,6,Standard Class,AH-100301404,Aaron Hawkins,Corporate,Los Angeles,California,United States,Western US,USCA,FUR-CH-4840,Furniture,Chairs,"Iceberg Nesting Folding Chair, 19w x 6d x 43h",279.456,6,20.9592,11.69,Medium,2012
40100,CA-2012-AH10030140-41273,30-12-2012,31-12-2012,1,First Class,AH-100301406,Aaron Hawkins,Corporate,New York City,New York,United States,Eastern US,USCA,TEC-AC-6340,Technology,Accessories,"Verbatim 25 GB 6x Blu-ray Single Layer Recordable Disc, 10/Pack",34.77,3,11.4741,8.22,High,2012
15380,ES-2015-PO18865139-42018,14-01-2015,18-01-2015,4,Standard Class,PO-18865139,Patrick O'Donnell,Consumer,Stockton-on-Tees,England,United Kingdom,Northern Europe,Europe,TEC-CO-3598,Technology,Copiers,"Brother Fax Machine, Laser",4141.02,13,1697.67,668.96,High,2015
28046,IN-2012-DL128657-40918,10-01-2012,11-01-2012,1,First Class,DL-128657,Dan Lawera,Consumer,Brisbane,Queensland,Australia,Oceania,Asia Pacific,TEC-PH-5356,Technology,Phones,"Nokia Smart Phone, with Caller ID",2875.095,5,511.095,665.27,Medium,2012
21316,ID-2014-JB1600059-41873,22-08-2014,26-08-2014,4,Standard Class,JB-1600059,Joy Bell-,Consumer,Mataram,Nusa Tenggara Barat,Indonesia,Southeastern Asia,Asia Pacific,TEC-PH-5268,Technology,Phones,"Motorola Smart Phone, Full Size",3200.5962,6,-77.2038,660.87,High,2014
29272,IN-2015-BF1100558-42319,11-11-2015,15-11-2015,4,Standard Class,BF-1100558,Barry Franz,Home Office,Gorakhpur,Haryana,India,Southern Asia,Asia Pacific,TEC-PH-5269,Technology,Phones,"Motorola Smart Phone, with Caller ID",4518.78,7,632.52,658.69,High,2015
25795,IN-2015-VG2180558-42273,26-09-2015,28-09-2015,2,Second Class,VG-2180558,Vivek Grady,Corporate,Thiruvananthapuram,Kerala,India,Southern Asia,Asia Pacific,FUR-BO-5951,Furniture,Bookcases,"Sauder Classic Bookcase, Traditional",5667.87,13,2097.03,658.35,Medium,2015
16681,ES-2013-GT14710139-41621,13-12-2013,17-12-2013,4,Standard Class,GT-14710139,Greg Tran,Consumer,Huddersfield,England,United Kingdom,Northern Europe,Europe,TEC-PH-5267,Technology,Phones,"Motorola Smart Phone, Cordless",5785.02,9,404.73,656.73,High,2013
15953,IT-2012-ZC2191048-41174,22-09-2012,24-09-2012,2,First Class,ZC-2191048,Zuschuss Carroll,Consumer,Berlin,Berlin,Germany,Western Europe,Europe,OFF-AP-3874,Office Supplies,Appliances,"Cuisinart Stove, Silver",3018.624,7,377.244,655.91,Critical,2012
34608,CA-2014-AH10030140-41719,21-03-2014,26-03-2014,5,Second Class,AH-100301408,Aaron Hawkins,Corporate,Gulfport,Mississippi,United States,Southern US,USCA,FUR-FU-4072,Furniture,Furnishings,"Eldon Image Series Desk Accessories, Ebony",86.45,7,38.038,5.73,Medium,2014
13847,IT-2014-EB1384045-41706,08-03-2014,08-03-2014,0,Same Day,EB-1384045,Ellis Ballard,Corporate,Montreuil,Ile-de-France,France,Western Europe,Europe,FUR-CH-5441,Furniture,Chairs,"Office Star Executive Leather Armchair, Adjustable",2092.5,5,720.75,652.98,Critical,2014
24341,IN-2015-AP1091527-42244,28-08-2015,29-08-2015,1,First Class,AP-1091527,Arthur Prichep,Consumer,Shouguang,Shandong,China,Eastern Asia,Asia Pacific,FUR-CH-5380,Furniture,Chairs,"Novimex Executive Leather Armchair, Red",2761.2,6,110.34,644.75,High,2015
28701,IN-2015-SW2027558-42125,01-05-2015,01-05-2015,0,Same Day,SW-2027558,Scott Williamson,Consumer,Jamshedpur,Jharkhand,India,Southern Asia,Asia Pacific,TEC-MA-5007,Technology,Machines,"Konica Inkjet, White",2174.13,7,500.01,637.86,Critical,2015
6550,MX-2015-JH15820141-42356,18-12-2015,20-12-2015,2,Second Class,JH-15820141,John Huston,Consumer,Paysandú,Paysandú,Uruguay,South America,LATAM,FUR-CH-4531,Furniture,Chairs,"Harbour Creations Executive Leather Armchair, Black",3473.14,11,868.12,634.529,High,2015
37425,US-2012-AH10030140-41206,24-10-2012,27-10-2012,3,First Class,AH-100301404,Aaron Hawkins,Corporate,San Francisco,California,United States,Western US,USCA,OFF-BI-4372,Office Supplies,Binders,GBC VeloBind Cover Sets,49.408,4,18.528,2.84,High,2012
48360,IR-2015-TG1164060-42265,18-09-2015,21-09-2015,3,First Class,TG-1164060,Trudy Glocke,Consumer,Behshahr,Mazandaran,Iran,Southern Asia,Asia Pacific,TEC-CO-3678,Technology,Copiers,"Canon Copy Machine, Color",2108.64,8,527.04,630.97,Critical,2015
40101,CA-2012-AH10030140-41273,30-12-2012,31-12-2012,1,First Class,AH-100301406,Aaron Hawkins,Corporate,New York City,New York,United States,Eastern US,USCA,OFF-LA-3231,Office Supplies,Labels,Avery 51,18.9,3,8.694,1.3,High,2012
30190,IN-2012-PB19210127-41259,16-12-2012,19-12-2012,3,First Class,PB-19210127,Phillip Breyer,Corporate,Taipei,Taipei City,Taiwan,Eastern Asia,Asia Pacific,FUR-BO-5762,Furniture,Bookcases,"Safco Classic Bookcase, Pine",2197.5,5,153.75,627.27,Critical,2012
42336,MZ-2014-DG330087-41991,18-12-2014,18-12-2014,0,Same Day,DG-330087,Deirdre Greer,Corporate,Maputo,Cidade De Maputo,Mozambique,Eastern Africa,Africa,TEC-PH-5269,Technology,Phones,"Motorola Smart Phone, with Caller ID",2582.16,4,593.88,627.17,High,2014
29047,IN-2013-SG2047058-41424,30-05-2013,31-05-2013,1,First Class,SG-2047058,Sheri Gordon,Consumer,Bhopal,Madhya Pradesh,India,Southern Asia,Asia Pacific,TEC-CO-4590,Technology,Copiers,"Hewlett Wireless Fax, Color",1526.52,4,732.72,625.77,Critical,2013
38461,CA-2012-AH10030140-41020,21-04-2012,23-04-2012,2,Second Class,AH-100301406,Aaron Hawkins,Corporate,Troy,New York,United States,Eastern US,USCA,OFF-BI-2937,Office Supplies,Binders,"ACCOHIDE 3-Ring Binder, Blue, 1""",9.912,3,3.3453,1.2,Critical,2012
29601,IN-2013-GP1474058-41419,25-05-2013,28-05-2013,3,Second Class,GP-1474058,Guy Phonely,Corporate,Delhi,Delhi,India,Southern Asia,Asia Pacific,FUR-TA-3766,Furniture,Tables,"Chromcraft Conference Table, with Bottom Storage",1745.34,2,226.86,616.27,Critical,2013
23499,IN-2015-MW182207-42221,05-08-2015,06-08-2015,1,First Class,MW-182207,Mitch Webber,Consumer,Geraldton,Western Australia,Australia,Oceania,Asia Pacific,OFF-AP-3577,Office Supplies,Appliances,"Breville Refrigerator, White",4191.507,9,1164.267,614.34,High,2015
36652,CA-2012-AH10030140-41041,12-05-2012,18-05-2012,6,Standard Class,AH-100301404,Aaron Hawkins,Corporate,Los Angeles,California,United States,Western US,USCA,OFF-PA-4014,Office Supplies,Paper,EcoTones Memo Sheets,8,2,3.84,1.15,Medium,2012
26634,IN-2015-CS1246011-42074,11-03-2015,13-03-2015,2,Second Class,CS-1246011,Chuck Sachs,Consumer,Dhaka,Dhaka,Bangladesh,Southern Asia,Asia Pacific,FUR-BO-5760,Furniture,Bookcases,"Safco Classic Bookcase, Metal",3063.27,7,581.91,609.24,High,2015
34496,CA-2015-AH10030140-42357,19-12-2015,23-12-2015,4,Standard Class,AH-100301406,Aaron Hawkins,Corporate,Philadelphia,Pennsylvania,United States,Eastern US,USCA,OFF-AR-3276,Office Supplies,Art,Avery Fluorescent Highlighter Four-Color Set,18.704,7,2.338,1.13,Medium,2015
10522,ES-2015-MS1798048-42227,11-08-2015,16-08-2015,5,Second Class,MS-1798048,Michael Stewart,Corporate,Munster,Lower Saxony,Germany,Western Europe,Europe,TEC-PH-5839,Technology,Phones,"Samsung Smart Phone, Cordless",4473,7,313.11,604.4,Medium,2015
10549,IT-2014-KC1667548-41882,31-08-2014,03-09-2014,3,First Class,KC-1667548,Kimberly Carter,Corporate,Celle,Lower Saxony,Germany,Western Europe,Europe,TEC-PH-3130,Technology,Phones,"Apple Audio Dock, with Caller ID",1502.01,9,225.18,600.21,Critical,2014
25314,IN-2015-DB1340527-42022,18-01-2015,23-01-2015,5,Standard Class,DB-1340527,Denny Blanton,Consumer,Wuxi,Jiangsu,China,Eastern Asia,Asia Pacific,FUR-CH-5774,Furniture,Chairs,"SAFCO Executive Leather Armchair, Black",5049,11,656.37,595.5,High,2015
32637,CA-2015-AS10045140-42007,03-01-2015,05-01-2015,2,First Class,AS-100451408,Aaron Smayling,Corporate,Jacksonville,North Carolina,United States,Southern US,USCA,TEC-MA-3788,Technology,Machines,Cisco CP-7937G Unified IP Conference Station Phone,695.7,2,-27.828,160.19,High,2015
16653,IT-2015-DK13090120-42345,07-12-2015,08-12-2015,1,First Class,DK-13090120,Dave Kipp,Consumer,Seville,Andalusía,Spain,Southern Europe,Europe,FUR-BO-5760,Furniture,Bookcases,"Safco Classic Bookcase, Metal",2188.05,5,1050.15,593.91,High,2015
28932,IN-2015-CS1184558-42354,16-12-2015,19-12-2015,3,First Class,CS-1184558,Cari Sayre,Corporate,Raipur,Uttarakhand,India,Southern Asia,Asia Pacific,FUR-TA-3779,Furniture,Tables,"Chromcraft Wood Table, Rectangular",1920.36,4,652.92,592.77,Critical,2015
8029,MX-2015-EM1420082-42328,20-11-2015,20-11-2015,0,Same Day,EM-1420082,Evan Minnotte,Home Office,Gómez Palacio,Durango,Mexico,Central America,LATAM,TEC-PH-5839,Technology,Phones,"Samsung Smart Phone, Cordless",1704,4,119.28,592.726,Critical,2015
50411,UP-2012-DW3480137-41221,08-11-2012,10-11-2012,2,First Class,DW-3480137,Dianna Wilson,Home Office,Kharkiv,Kharkiv,Ukraine,Eastern Europe,Europe,FUR-TA-3771,Furniture,Tables,"Chromcraft Round Table, Rectangular",1858.68,4,130.08,590.56,Critical,2012
21191,IN-2014-AS1022527-41797,07-06-2014,09-06-2014,2,First Class,AS-1022527,Alan Schoenberger,Corporate,Jinan,Shandong,China,Eastern Asia,Asia Pacific,FUR-CH-4530,Furniture,Chairs,"Harbour Creations Executive Leather Armchair, Adjustable",3298.26,7,1055.25,589.36,High,2014
4960,MX-2012-ST2053093-41234,21-11-2012,22-11-2012,1,First Class,ST-2053093,Shui Tom,Consumer,Chinandega,Chinandega,Nicaragua,Central America,LATAM,OFF-AP-4497,Office Supplies,Appliances,"Hamilton Beach Microwave, Black",2443.48,13,121.94,589.293,Medium,2012
49085,CG-2014-BW106533-41727,29-03-2014,31-03-2014,2,Second Class,BW-106533,Barry Weirich,Consumer,Kananga,Kasai-Occidental,Democratic Republic of the Congo,Central Africa,Africa,FUR-CH-4530,Furniture,Chairs,"Harbour Creations Executive Leather Armchair, Adjustable",3808.8,8,1523.52,588.13,High,2014
21209,IN-2015-LA1678059-42242,26-08-2015,27-08-2015,1,First Class,LA-1678059,Laura Armstrong,Corporate,Palembang,Sumatera Selatan,Indonesia,Southeastern Asia,Asia Pacific,FUR-TA-3422,Furniture,Tables,"Bevis Conference Table, with Bottom Storage",3427.1496,7,-452.8104,586.57,High,2015
12161,ES-2013-AB10150139-41537,20-09-2013,22-09-2013,2,Second Class,AB-10150139,Aimee Bixby,Consumer,London,England,United Kingdom,Northern Europe,Europe,TEC-PH-5355,Technology,Phones,"Nokia Smart Phone, Full Size",3441.69,6,38.07,585.25,High,2013
25438,IN-2015-JH158207-42140,16-05-2015,18-05-2015,2,Second Class,JH-158207,John Huston,Consumer,Melbourne,Victoria,Australia,Oceania,Asia Pacific,TEC-PH-3147,Technology,Phones,"Apple Smart Phone, Cordless",2863.35,5,858.9,581.88,Critical,2015
33130,CA-2015-AS10045140-42218,02-08-2015,08-08-2015,6,Standard Class,AS-100451402,Aaron Smayling,Corporate,Austin,Texas,United States,Central US,USCA,TEC-MA-3329,Technology,Machines,Bady BDG101FRU Card Printer,1439.982,3,-263.9967,103.62,Medium,2015
16988,ES-2014-BE1141048-41967,24-11-2014,25-11-2014,1,First Class,BE-1141048,Bobby Elias,Consumer,Duisburg,North Rhine-Westphalia,Germany,Western Europe,Europe,TEC-CO-3599,Technology,Copiers,"Brother Ink, Color",1487.4,10,728.7,580.98,Critical,2014
24443,IN-2012-SZ2003527-41221,08-11-2012,10-11-2012,2,Second Class,SZ-2003527,Sam Zeldin,Home Office,Nanchong,Sichuan,China,Eastern Asia,Asia Pacific,TEC-CO-6010,Technology,Copiers,"Sharp Wireless Fax, Digital",3200.04,9,1183.95,576.71,Medium,2012
30199,IN-2012-RM1937558-41209,27-10-2012,27-10-2012,0,Same Day,RM-1937558,Raymond Messe,Consumer,Naihati,West Bengal,India,Southern Asia,Asia Pacific,FUR-CH-5380,Furniture,Chairs,"Novimex Executive Leather Armchair, Red",2301,5,91.95,573.27,Critical,2012
13879,ES-2015-HG1484545-42327,19-11-2015,23-11-2015,4,Standard Class,HG-1484545,Harry Greene,Consumer,Lille,Nord-Pas-de-Calais-Picardie,France,Western Europe,Europe,FUR-CH-4654,Furniture,Chairs,"Hon Executive Leather Armchair, Adjustable",5729.346,14,63.546,572.95,High,2015
50788,MO-2015-DP310586-42305,28-10-2015,30-10-2015,2,Second Class,DP-310586,Dave Poirier,Corporate,Meknes,Meknès-Tafilalet,Morocco,North Africa,Africa,TEC-CO-3710,Technology,Copiers,"Canon Wireless Fax, Laser",5301.24,14,2597.28,568.45,Medium,2015
40834,CA-2014-AS10045140-41908,26-09-2014,28-09-2014,2,First Class,AS-100451404,Aaron Smayling,Corporate,San Francisco,California,United States,Western US,USCA,FUR-BO-3176,Furniture,Bookcases,"Atlantic Metals Mobile 4-Shelf Bookcases, Custom Colors",477.666,2,84.294,43.01,Critical,2014
40425,US-2015-AS10045140-42252,05-09-2015,06-09-2015,1,First Class,AS-100451404,Aaron Smayling,Corporate,Redmond,Oregon,United States,Western US,USCA,OFF-BI-3324,Office Supplies,Binders,"Avery Trapezoid Extra Heavy Duty 4"" Binders",88.074,7,-58.716,23.88,High,2015
18241,ES-2014-JB1600048-41668,29-01-2014,05-02-2014,7,Standard Class,JB-1600048,Joy Bell-,Consumer,Krefeld,North Rhine-Westphalia,Germany,Western Europe,Europe,TEC-PH-5268,Technology,Phones,"Motorola Smart Phone, Full Size",3219.9,5,965.85,564.25,Low,2014
23013,ID-2013-AM1070559-41535,18-09-2013,21-09-2013,3,Second Class,AM-1070559,Anne McFarland,Consumer,Bandung,Jawa Barat,Indonesia,Southeastern Asia,Asia Pacific,OFF-AP-4501,Office Supplies,Appliances,"Hamilton Beach Refrigerator, Black",2487.8088,6,-269.7912,562.14,Critical,2013
45616,MO-2014-AB25586-41966,23-11-2014,23-11-2014,0,Same Day,AB-25586,Alejandro Ballentine,Home Office,Casablanca,Grand Casablanca,Morocco,North Africa,Africa,OFF-AP-4745,Office Supplies,Appliances,"Hoover Stove, White",2266.44,4,113.28,556.45,Medium,2014
25026,IN-2013-RP192707-41438,13-06-2013,13-06-2013,0,Same Day,RP-192707,Rachel Payne,Corporate,Sydney,New South Wales,Australia,Oceania,Asia Pacific,TEC-CO-3611,Technology,Copiers,"Brother Wireless Fax, Laser",3068.361,9,1124.901,555.77,High,2013
27962,IN-2014-BK1126011-41940,28-10-2014,31-10-2014,3,First Class,BK-1126011,Berenike Kampe,Consumer,Tongi,Dhaka,Bangladesh,Southern Asia,Asia Pacific,FUR-BO-4849,Furniture,Bookcases,"Ikea Classic Bookcase, Mobile",3728.43,9,1192.86,553.31,Medium,2014
26669,IN-2014-JM1525027-41985,12-12-2014,14-12-2014,2,First Class,JM-1525027,Janet Martin,Consumer,Suzhou,Anhui,China,Eastern Asia,Asia Pacific,TEC-CO-3678,Technology,Copiers,"Canon Copy Machine, Color",1581.48,6,0,550.74,High,2014
29600,IN-2013-GP1474058-41419,25-05-2013,28-05-2013,3,Second Class,GP-1474058,Guy Phonely,Corporate,Delhi,Delhi,India,Southern Asia,Asia Pacific,TEC-PH-5356,Technology,Phones,"Nokia Smart Phone, with Caller ID",1916.73,3,498.33,548.4,Critical,2013
34336,CA-2015-AS10045140-42281,04-10-2015,09-10-2015,5,Standard Class,AS-100451404,Aaron Smayling,Corporate,Pasadena,California,United States,Western US,USCA,FUR-TA-5066,Furniture,Tables,"Lesro Sheffield Collection Coffee Table, End Table, Center Table, Corner Table",171.288,3,-6.4233,12.65,Medium,2015
19195,ES-2014-NZ1856545-41975,02-12-2014,02-12-2014,0,Same Day,NZ-1856545,Nick Zandusky,Home Office,Paris,Ile-de-France,France,Western Europe,Europe,OFF-AP-4508,Office Supplies,Appliances,"Hamilton Beach Stove, White",2432.16,5,513.36,546.9,Critical,2014
32639,CA-2015-AS10045140-42007,03-01-2015,05-01-2015,2,First Class,AS-100451408,Aaron Smayling,Corporate,Jacksonville,North Carolina,United States,Southern US,USCA,OFF-BI-3308,Office Supplies,Binders,Avery Recycled Flexi-View Covers for Binding Systems,28.854,6,-21.1596,5.35,High,2015
26731,ID-2014-SC20695102-41667,28-01-2014,30-01-2014,2,First Class,SC-20695102,Steve Chapman,Corporate,Manila,National Capital,Philippines,Southeastern Asia,Asia Pacific,FUR-CH-5443,Furniture,Chairs,"Office Star Executive Leather Armchair, Red",2465.82,7,197.19,546.49,High,2014
31278,IN-2013-NC186257-41401,07-05-2013,07-05-2013,0,Same Day,NC-186257,Noah Childs,Corporate,Newcastle,New South Wales,Australia,Oceania,Asia Pacific,FUR-TA-3422,Furniture,Tables,"Bevis Conference Table, with Bottom Storage",1847.52,2,738.96,545.89,High,2013
12035,ES-2014-NF183858-41970,27-11-2014,29-11-2014,2,First Class,NF-183858,Natalie Fritzler,Consumer,Graz,Styria,Austria,Western Europe,Europe,FUR-BO-4849,Furniture,Bookcases,"Ikea Classic Bookcase, Mobile",2899.89,7,927.78,541.59,High,2014
29149,IN-2013-NZ185657-41606,28-11-2013,02-12-2013,4,Second Class,NZ-185657,Nick Zandusky,Home Office,Nowra,New South Wales,Australia,Oceania,Asia Pacific,FUR-CH-5774,Furniture,Chairs,"SAFCO Executive Leather Armchair, Black",2891.7,7,96.39,541.57,Medium,2013
15896,IT-2013-PM1894045-41546,29-09-2013,29-09-2013,0,Same Day,PM-1894045,Paul MacIntyre,Consumer,Boulogne-Billancourt,Ile-de-France,France,Western Europe,Europe,TEC-MA-5572,Technology,Machines,"Panasonic Printer, Red",2016.846,9,-0.054,540.77,Critical,2013
18307,ES-2014-MZ1733545-41885,03-09-2014,05-09-2014,2,Second Class,MZ-1733545,Maria Zettner,Home Office,Malakoff,Ile-de-France,France,Western Europe,Europe,OFF-AP-4503,Office Supplies,Appliances,"Hamilton Beach Refrigerator, Silver",3155.544,7,34.944,539.94,High,2014
46257,CG-2014-HM498033-41846,26-07-2014,01-08-2014,6,Standard Class,HM-498033,Henry MacAllister,Consumer,Kinshasa,Kinshasa,Democratic Republic of the Congo,Central Africa,Africa,TEC-PH-5268,Technology,Phones,"Motorola Smart Phone, Full Size",3856.14,6,1465.2,533.99,Low,2014
21142,IN-2015-RW195407-42327,19-11-2015,25-11-2015,6,Standard Class,RW-195407,Rick Wilson,Corporate,Perth,Western Australia,Australia,Oceania,Asia Pacific,TEC-PH-3806,Technology,Phones,"Cisco Smart Phone, Full Size",3524.472,6,861.372,531.28,Low,2015
10308,ES-2013-LH1715545-41444,19-06-2013,19-06-2013,0,Same Day,LH-1715545,Logan Haushalter,Consumer,Le Bouscat,Aquitaine-Limousin-Poitou-Charentes,France,Western Europe,Europe,TEC-PH-5840,Technology,Phones,"Samsung Smart Phone, Full Size",2167.296,4,790.416,531.09,High,2013
6776,MX-2013-FH1436582-41558,11-10-2013,14-10-2013,3,First Class,FH-1436582,Fred Hopkins,Corporate,Puebla,Puebla,Mexico,Central America,LATAM,TEC-PH-5839,Technology,Phones,"Samsung Smart Phone, Cordless",2556,6,178.92,530.486,Medium,2013
16948,ES-2012-KM1666048-41129,08-08-2012,10-08-2012,2,First Class,KM-1666048,Khloe Miller,Consumer,Augsburg,Bavaria,Germany,Western Europe,Europe,TEC-CO-5999,Technology,Copiers,"Sharp Fax Machine, High-Speed",1469.25,5,308.4,527.87,Critical,2012
11611,ES-2012-PO1886545-41217,04-11-2012,08-11-2012,4,Second Class,PO-1886545,Patrick O'Donnell,Consumer,Nice,Provence-Alpes-Côte d'Azur,France,Western Europe,Europe,TEC-PH-3807,Technology,Phones,"Cisco Smart Phone, with Caller ID",4448.832,8,1517.712,527.85,High,2012
35876,US-2012-AS10045140-41116,26-07-2012,01-08-2012,6,Standard Class,AS-100451406,Aaron Smayling,Corporate,New York City,New York,United States,Eastern US,USCA,OFF-PA-6512,Office Supplies,Paper,Xerox 1956,65.78,11,32.2322,4.36,Medium,2012
1873,MX-2014-AB1006028-41755,26-04-2014,28-04-2014,2,First Class,AB-1006028,Adam Bellavance,Home Office,Medellín,Antioquia,Colombia,South America,LATAM,FUR-BO-3891,Furniture,Bookcases,"Dania Classic Bookcase, Pine",2472.66,9,914.76,523.466,High,2014
29120,IN-2014-DB130607-41999,26-12-2014,26-12-2014,0,Same Day,DB-130607,Dave Brooks,Consumer,Gold Coast,Queensland,Australia,Oceania,Asia Pacific,OFF-AP-3575,Office Supplies,Appliances,"Breville Refrigerator, Red",3739.176,8,747.816,522.79,High,2014
11743,IT-2014-VM2168591-41711,13-03-2014,13-03-2014,0,Same Day,VM-2168591,Valerie Mitchum,Home Office,Bergen op Zoom,North Brabant,Netherlands,Western Europe,Europe,FUR-CH-5442,Furniture,Chairs,"Office Star Executive Leather Armchair, Black",2570.865,11,-2211.165,520.89,High,2014
32648,CA-2014-AS10045140-41727,29-03-2014,01-04-2014,3,First Class,AS-100451408,Aaron Smayling,Corporate,Arlington,Virginia,United States,Southern US,USCA,OFF-ST-4516,Office Supplies,Storage,Hanging Personal Folder File,31.4,2,7.85,3.81,Medium,2014
17522,ES-2013-DM1352548-41369,05-04-2013,05-04-2013,0,Same Day,DM-1352548,Don Miller,Corporate,Hanover,Lower Saxony,Germany,Western Europe,Europe,TEC-PH-3149,Technology,Phones,"Apple Smart Phone, with Caller ID",2875.77,9,-1783.08,516.63,High,2013
14721,ES-2013-NM18520120-41634,26-12-2013,28-12-2013,2,Second Class,NM-18520120,Neoma Murray,Consumer,Vigo,Galicia,Spain,Southern Europe,Europe,FUR-BO-5948,Furniture,Bookcases,"Sauder Classic Bookcase, Metal",1741.8,4,261.24,515.24,Critical,2013
29629,IN-2014-LC168857-41747,18-04-2014,19-04-2014,1,First Class,LC-168857,Lena Creighton,Consumer,Sydney,New South Wales,Australia,Oceania,Asia Pacific,TEC-CO-6012,Technology,Copiers,"Sharp Wireless Fax, Laser",1601.64,5,587.19,511.47,Critical,2014
25868,IN-2012-RO1978027-41052,23-05-2012,25-05-2012,2,Second Class,RO-1978027,Rose O'Brian,Consumer,Gaoyou,Jiangsu,China,Eastern Asia,Asia Pacific,OFF-AP-4738,Office Supplies,Appliances,"Hoover Refrigerator, White",3670.8,7,367.08,510.72,High,2012
33131,CA-2015-AS10045140-42218,02-08-2015,08-08-2015,6,Standard Class,AS-100451402,Aaron Smayling,Corporate,Austin,Texas,United States,Central US,USCA,OFF-PA-6557,Office Supplies,Paper,Xerox 1998,36.288,7,12.7008,1.99,Medium,2015
19559,ES-2014-EM1406548-41775,16-05-2014,20-05-2014,4,Second Class,EM-1406548,Erin Mull,Consumer,Bremen,Bremen,Germany,Western Europe,Europe,TEC-CO-4593,Technology,Copiers,"Hewlett Wireless Fax, Laser",1900.95,5,589.2,506.89,High,2014
32638,CA-2015-AS10045140-42007,03-01-2015,05-01-2015,2,First Class,AS-100451408,Aaron Smayling,Corporate,Jacksonville,North Carolina,United States,Southern US,USCA,OFF-BI-3185,Office Supplies,Binders,"Avery 3 1/2"" Diskette Storage Pages, 10/Pack",15.66,5,-12.528,1.56,High,2015
14070,IT-2012-ON1871545-40955,16-02-2012,19-02-2012,3,Second Class,ON-1871545,Odella Nelson,Corporate,Muret,Languedoc-Roussillon-Midi-Pyrénées,France,Western Europe,Europe,FUR-CH-5774,Furniture,Chairs,"SAFCO Executive Leather Armchair, Black",4544.1,11,1868.13,506.27,Medium,2012
21306,IN-2014-VS2182027-41790,31-05-2014,02-06-2014,2,First Class,VS-2182027,Vivek Sundaresam,Consumer,Zigong,Sichuan,China,Eastern Asia,Asia Pacific,FUR-BO-3639,Furniture,Bookcases,"Bush Library with Doors, Metal",1455.12,4,116.4,504.56,Critical,2014
21668,IN-2014-CM121157-41913,01-10-2014,02-10-2014,1,First Class,CM-121157,Chad McGuire,Consumer,Adelaide,South Australia,Australia,Oceania,Asia Pacific,TEC-CO-4790,Technology,Copiers,"HP Wireless Fax, Digital",1943.19,6,258.93,499.62,High,2014
39465,CA-2015-AB10060140-42315,07-11-2015,14-11-2015,7,Standard Class,AB-100601404,Adam Bellavance,Home Office,Seattle,Washington,United States,Western US,USCA,FUR-TA-4622,Furniture,Tables,Hon 5100 Series Wood Tables,2036.86,7,366.6348,524.76,Low,2015
31650,CA-2014-AB10060140-41884,02-09-2014,04-09-2014,2,First Class,AB-100601406,Adam Bellavance,Home Office,New York City,New York,United States,Eastern US,USCA,OFF-BI-4340,Office Supplies,Binders,GBC DocuBind P400 Electric Binding System,4355.168,4,1415.4296,82.67,Critical,2014
24260,ID-2014-JK153257-41984,11-12-2014,14-12-2014,3,Second Class,JK-153257,Jason Klamczynski,Corporate,Adelaide,South Australia,Australia,Oceania,Asia Pacific,TEC-CO-3709,Technology,Copiers,"Canon Wireless Fax, High-Speed",1695.87,5,-37.83,498.62,Critical,2014
13646,IT-2015-RP1927045-42081,18-03-2015,21-03-2015,3,Second Class,RP-1927045,Rachel Payne,Corporate,Chelles,Ile-de-France,France,Western Europe,Europe,TEC-CO-5998,Technology,Copiers,"Sharp Fax Machine, Digital",1505.979,6,-265.761,498.52,Critical,2015
23708,IN-2015-DW1354078-42357,19-12-2015,20-12-2015,1,First Class,DW-1354078,Don Weiss,Consumer,Kuantan,Pahang,Malaysia,Southeastern Asia,Asia Pacific,TEC-PH-3806,Technology,Phones,"Cisco Smart Phone, Full Size",1954.17,3,312.66,498.38,Critical,2015
39466,CA-2015-AB10060140-42315,07-11-2015,14-11-2015,7,Standard Class,AB-100601404,Adam Bellavance,Home Office,Seattle,Washington,United States,Western US,USCA,FUR-CH-4613,Furniture,Chairs,Hon 2090 “Pillow Soft” Series Mid Back Swivel/Tilt Chairs,449.568,2,-73.0548,47.81,Low,2015
33661,US-2014-AB10060140-41712,14-03-2014,19-03-2014,5,Standard Class,AB-100601408,Adam Bellavance,Home Office,Waynesboro,Virginia,United States,Southern US,USCA,OFF-AP-4221,Office Supplies,Appliances,"Eureka The Boss Lite 10-Amp Upright Vacuum, Blue",160.32,2,44.8896,13.75,Medium,2014
39467,CA-2015-AB10060140-42315,07-11-2015,14-11-2015,7,Standard Class,AB-100601404,Adam Bellavance,Home Office,Seattle,Washington,United States,Western US,USCA,TEC-AC-5858,Technology,Accessories,SanDisk Cruzer 64 GB USB Flash Drive,108.96,3,32.688,11.57,Low,2015
1779,MX-2015-GM1444037-42265,18-09-2015,18-09-2015,0,Same Day,GM-1444037,Gary McGarr,Consumer,Quito,Pichincha,Ecuador,South America,LATAM,TEC-CO-3587,Technology,Copiers,"Brother Copy Machine, Color",1213.18876,7,508.00876,493.409,Critical,2015
23880,IN-2014-SV2081558-41968,25-11-2014,27-11-2014,2,First Class,SV-2081558,Stuart Van,Corporate,Vadodara,Gujarat,India,Southern Asia,Asia Pacific,TEC-CO-4577,Technology,Copiers,"Hewlett Fax Machine, High-Speed",1590.6,5,572.55,493.2,Critical,2014
27094,IN-2014-MM1792027-41950,07-11-2014,10-11-2014,3,First Class,MM-1792027,Michael Moore,Consumer,Sanya,Hainan,China,Eastern Asia,Asia Pacific,TEC-AC-3405,Technology,Accessories,"Belkin Router, USB",2330.64,9,1025.46,492.79,Critical,2014
24424,IN-2015-JK1612059-42204,19-07-2015,23-07-2015,4,Standard Class,JK-1612059,Julie Kriz,Home Office,Palembang,Sumatera Selatan,Indonesia,Southeastern Asia,Asia Pacific,FUR-BO-5761,Furniture,Bookcases,"Safco Classic Bookcase, Mobile",3278.5848,8,140.8248,492.28,High,2015
22049,ID-2013-EM14200130-41502,16-08-2013,16-08-2013,0,Same Day,EM-14200130,Evan Minnotte,Home Office,Bangkok,Bangkok,Thailand,Southeastern Asia,Asia Pacific,TEC-PH-5268,Technology,Phones,"Motorola Smart Phone, Full Size",3741.5238,7,946.6338,491.91,High,2013
40796,CA-2015-AB10060140-42314,06-11-2015,08-11-2015,2,First Class,AB-100601402,Adam Bellavance,Home Office,Greenwood,Indiana,United States,Central US,USCA,OFF-PA-6214,Office Supplies,Paper,Strathmore Photo Mount Cards,67.8,10,31.188,7.97,High,2015
23815,IN-2013-PM1894059-41284,10-01-2013,14-01-2013,4,Standard Class,PM-1894059,Paul MacIntyre,Consumer,Tasikmalaya,Jawa Barat,Indonesia,Southeastern Asia,Asia Pacific,FUR-BO-5787,Furniture,Bookcases,"Safco Library with Doors, Pine",3637.602,10,156.402,487.86,High,2013
8009,MX-2014-AT1043582-41667,28-01-2014,30-01-2014,2,First Class,AT-1043582,Alyssa Tate,Home Office,Guaymas,Sonora,Mexico,Central America,LATAM,OFF-AP-4736,Office Supplies,Appliances,"Hoover Refrigerator, Red",2455.88,7,785.82,487.476,Medium,2014
30267,ID-2013-AB1001527-41439,14-06-2013,17-06-2013,3,First Class,AB-1001527,Aaron Bergman,Consumer,Wuhan,Hubei,China,Eastern Asia,Asia Pacific,TEC-MA-6150,Technology,Machines,"StarTech Printer, Wireless",1024.68,8,-286.92,487.32,Critical,2013
40795,CA-2015-AB10060140-42314,06-11-2015,08-11-2015,2,First Class,AB-100601402,Adam Bellavance,Home Office,Greenwood,Indiana,United States,Central US,USCA,OFF-FA-6129,Office Supplies,Fasteners,Staples,167.94,3,82.2906,6.61,High,2015
31647,CA-2014-AB10060140-41884,02-09-2014,04-09-2014,2,First Class,AB-100601406,Adam Bellavance,Home Office,New York City,New York,United States,Eastern US,USCA,OFF-PA-6430,Office Supplies,Paper,Xerox 1881,24.56,2,11.5432,6.53,Critical,2014
2283,MX-2013-PV1898518-41614,06-12-2013,08-12-2013,2,First Class,PV-1898518,Paul Van Hugh,Home Office,Salto,São Paulo,Brazil,South America,LATAM,TEC-AC-5223,Technology,Accessories,"Memorex Router, Bluetooth",2297.96,14,988.12,483.257,High,2013
17765,IT-2014-SB2029064-41887,05-09-2014,07-09-2014,2,Second Class,SB-2029064,Sean Braxton,Corporate,Treviso,Veneto,Italy,Southern Europe,Europe,TEC-CO-4590,Technology,Copiers,"Hewlett Wireless Fax, Color",2671.41,7,534.24,483.04,High,2014
47783,SO-2015-SM10005116-42265,18-09-2015,20-09-2015,2,First Class,SM-10005116,Sally Matthias,Consumer,Hargeysa,Woqooyi Galbeed,Somalia,Eastern Africa,Africa,TEC-PH-5839,Technology,Phones,"Samsung Smart Phone, Cordless",3834,6,268.38,481.04,High,2015
31649,CA-2014-AB10060140-41884,02-09-2014,04-09-2014,2,First Class,AB-100601406,Adam Bellavance,Home Office,New York City,New York,United States,Eastern US,USCA,OFF-PA-6430,Office Supplies,Paper,Xerox 1881,49.12,4,23.0864,6.22,Critical,2014
23175,IN-2013-KH1633059-41489,03-08-2013,08-08-2013,5,Standard Class,KH-1633059,Katharine Harms,Corporate,Yogyakarta,Yogyakarta,Indonesia,Southeastern Asia,Asia Pacific,OFF-AP-4960,Office Supplies,Appliances,"KitchenAid Refrigerator, Black",3501.7368,8,210.8568,479.96,High,2013
27693,IN-2015-MP181757-42347,09-12-2015,11-12-2015,2,First Class,MP-181757,Mike Pelletier,Home Office,Perth,Western Australia,Australia,Oceania,Asia Pacific,TEC-PH-3149,Technology,Phones,"Apple Smart Phone, with Caller ID",1725.462,3,747.612,479.94,High,2015
22134,IN-2013-LH1702027-41572,25-10-2013,28-10-2013,3,First Class,LH-1702027,Lisa Hazard,Consumer,Anshan,Liaoning,China,Eastern Asia,Asia Pacific,TEC-CO-3597,Technology,Copiers,"Brother Fax Machine, High-Speed",1583.7,5,174.15,479.67,Critical,2013
36297,CA-2015-AB10060140-42132,08-05-2015,13-05-2015,5,Standard Class,AB-100601404,Adam Bellavance,Home Office,Los Angeles,California,United States,Western US,USCA,TEC-AC-5109,Technology,Accessories,Logitech G600 MMO Gaming Mouse,79.99,1,28.7964,5.44,Medium,2015
22488,ID-2014-CR126257-41878,27-08-2014,29-08-2014,2,Second Class,CR-126257,Corey Roper,Home Office,Brisbane,Queensland,Australia,Oceania,Asia Pacific,FUR-BO-5763,Furniture,Bookcases,"Safco Classic Bookcase, Traditional",2760.345,7,-214.725,475.34,High,2014
25678,IN-2012-NC1862511-41041,12-05-2012,16-05-2012,4,Standard Class,NC-1862511,Noah Childs,Corporate,Dhaka,Dhaka,Bangladesh,Southern Asia,Asia Pacific,TEC-AC-3403,Technology,Accessories,"Belkin Router, Erganomic",3078.72,12,523.08,474.44,High,2012
15376,IT-2012-GM1468091-41215,02-11-2012,05-11-2012,3,First Class,GM-1468091,Greg Matthias,Consumer,Amsterdam,North Holland,Netherlands,Western Europe,Europe,OFF-AP-4745,Office Supplies,Appliances,"Hoover Stove, White",1983.135,7,-1784.895,473.27,High,2012
15162,ES-2015-RA1994545-42218,02-08-2015,03-08-2015,1,First Class,RA-1994545,Ryan Akin,Consumer,Le Petit-Quevilly,Normandy,France,Western Europe,Europe,FUR-BO-3624,Furniture,Bookcases,"Bush Classic Bookcase, Metal",1112.778,3,296.658,472,Critical,2015
18899,ES-2012-DB1306048-41171,19-09-2012,21-09-2012,2,Second Class,DB-1306048,Dave Brooks,Consumer,Bochum,North Rhine-Westphalia,Germany,Western Europe,Europe,TEC-CO-4789,Technology,Copiers,"HP Wireless Fax, Color",3616.5,10,36,471.92,Critical,2012
33660,US-2014-AB10060140-41712,14-03-2014,19-03-2014,5,Standard Class,AB-100601408,Adam Bellavance,Home Office,Waynesboro,Virginia,United States,Southern US,USCA,FUR-FU-4762,Furniture,Furnishings,"Howard Miller 14-1/2"" Diameter Chrome Round Wall Clock",127.88,2,40.9216,3.15,Medium,2014
24160,IN-2014-RF197357-41709,11-03-2014,15-03-2014,4,Standard Class,RF-197357,Roland Fjeld,Consumer,Perth,Western Australia,Australia,Oceania,Asia Pacific,TEC-PH-5268,Technology,Phones,"Motorola Smart Phone, Full Size",2892.105,5,160.605,470.29,High,2014
15812,ES-2013-JH1582048-41306,01-02-2013,04-02-2013,3,First Class,JH-1582048,John Huston,Consumer,Hamburg,Hamburg,Germany,Western Europe,Europe,TEC-PH-3806,Technology,Phones,"Cisco Smart Phone, Full Size",3263.4,5,848.4,469.29,High,2013
33662,US-2014-AB10060140-41712,14-03-2014,19-03-2014,5,Standard Class,AB-100601408,Adam Bellavance,Home Office,Waynesboro,Virginia,United States,Southern US,USCA,OFF-BI-4819,Office Supplies,Binders,Ibico Covers for Plastic or Wire Binding Elements,46,4,20.7,2.72,Medium,2014
6449,MX-2015-DM1295551-42103,09-04-2015,13-04-2015,4,Standard Class,DM-1295551,Dario Medina,Corporate,Mixco,Guatemala,Guatemala,Central America,LATAM,FUR-TA-5064,Furniture,Tables,"Lesro Round Table, Rectangular",3117.088,13,38.948,466.703,High,2015
32472,CA-2014-AB10060140-41881,30-08-2014,04-09-2014,5,Standard Class,AB-100601406,Adam Bellavance,Home Office,Concord,New Hampshire,United States,Eastern US,USCA,OFF-SU-2972,Office Supplies,Supplies,Acme Forged Steel Scissors with Black Enamel Handles,27.93,3,8.0997,2.16,Medium,2014
4394,MX-2015-BE1133582-42082,19-03-2015,21-03-2015,2,First Class,BE-1133582,Bill Eplett,Home Office,Morelia,Michoacán,Mexico,Central America,LATAM,OFF-AP-4745,Office Supplies,Appliances,"Hoover Stove, White",1888.7,5,887.6,465.918,High,2015
22058,IN-2014-SO2033527-41914,02-10-2014,04-10-2014,2,First Class,SO-2033527,Sean O'Donnell,Consumer,Changchun,Jilin,China,Eastern Asia,Asia Pacific,OFF-AP-4502,Office Supplies,Appliances,"Hamilton Beach Refrigerator, Red",3000.78,6,1080.18,465.63,High,2014
19833,ES-2014-DK12835120-41651,12-01-2014,15-01-2014,3,First Class,DK-12835120,Damala Kotsonis,Corporate,Madrid,Madrid,Spain,Southern Europe,Europe,OFF-AP-4507,Office Supplies,Appliances,"Hamilton Beach Stove, Silver",3801.63,7,1444.59,465.02,Medium,2014
45807,SA-2015-LC7050110-42236,20-08-2015,25-08-2015,5,Standard Class,LC-7050110,Liz Carlisle,Consumer,Jeddah,Makkah,Saudi Arabia,Western Asia,Asia Pacific,TEC-PH-3806,Technology,Phones,"Cisco Smart Phone, Full Size",5211.12,8,1146.24,463.98,Medium,2015
30187,IN-2012-PB19210127-41259,16-12-2012,19-12-2012,3,First Class,PB-19210127,Phillip Breyer,Corporate,Taipei,Taipei City,Taiwan,Eastern Asia,Asia Pacific,FUR-TA-5065,Furniture,Tables,"Lesro Round Table, with Bottom Storage",1356.03,3,311.85,458.97,Critical,2012
29484,IN-2015-CG125207-42077,14-03-2015,18-03-2015,4,Standard Class,CG-125207,Claire Gute,Consumer,Adelaide,South Australia,Australia,Oceania,Asia Pacific,OFF-AP-4745,Office Supplies,Appliances,"Hoover Stove, White",3569.643,7,674.163,458.54,High,2015
36347,CA-2013-AB10060140-41535,18-09-2013,24-09-2013,6,Standard Class,AB-100601404,Adam Bellavance,Home Office,Des Moines,Washington,United States,Western US,USCA,OFF-PA-6420,Office Supplies,Paper,"Wirebound Message Books, Four 2 3/4"" x 5"" Forms per Page, 600 Sets per Book",18.54,2,8.7138,1.69,Medium,2013
24015,ID-2015-HG1502559-42194,09-07-2015,13-07-2015,4,Standard Class,HG-1502559,Hunter Glantz,Consumer,Medan,Sumatera Utara,Indonesia,Southeastern Asia,Asia Pacific,FUR-BO-5787,Furniture,Bookcases,"Safco Library with Doors, Pine",2910.0816,8,125.1216,456.32,High,2015
20601,ID-2014-AD1018059-41801,11-06-2014,15-06-2014,4,Standard Class,AD-1018059,Alan Dominguez,Home Office,Jakarta,Jakarta,Indonesia,Southeastern Asia,Asia Pacific,FUR-CH-4532,Furniture,Chairs,"Harbour Creations Executive Leather Armchair, Red",3126.4002,9,-128.7198,455.71,High,2014
12051,ES-2012-BP11155139-41130,09-08-2012,16-08-2012,7,Standard Class,BP-11155139,Becky Pak,Consumer,London,England,United Kingdom,Northern Europe,Europe,TEC-PH-3805,Technology,Phones,"Cisco Smart Phone, Cordless",5276.988,9,1758.888,454.81,Medium,2012
25915,ID-2015-AA10480130-42080,17-03-2015,21-03-2015,4,Standard Class,AA-10480130,Andrew Allen,Consumer,Bangkok,Bangkok,Thailand,Southeastern Asia,Asia Pacific,TEC-PH-5840,Technology,Phones,"Samsung Smart Phone, Full Size",2645.376,5,-0.024,452.6,High,2015
21639,ID-2014-RL196157-41641,02-01-2014,03-01-2014,1,First Class,RL-196157,Rob Lucas,Consumer,Newcastle,New South Wales,Australia,Oceania,Asia Pacific,FUR-BO-3639,Furniture,Bookcases,"Bush Library with Doors, Metal",1637.01,5,-36.39,452.28,Medium,2014
31648,CA-2014-AB10060140-41884,02-09-2014,04-09-2014,2,First Class,AB-100601406,Adam Bellavance,Home Office,New York City,New York,United States,Eastern US,USCA,OFF-BI-2911,Office Supplies,Binders,Acco Hanging Data Binders,3.048,1,1.0668,1.67,Critical,2014
23229,ID-2013-SW2024559-41557,10-10-2013,11-10-2013,1,First Class,SW-2024559,Scot Wooten,Consumer,Surakarta,Jawa Tengah,Indonesia,Southeastern Asia,Asia Pacific,TEC-PH-5840,Technology,Phones,"Samsung Smart Phone, Full Size",2645.376,5,-0.024,451.03,High,2013
31646,CA-2014-AB10060140-41884,02-09-2014,04-09-2014,2,First Class,AB-100601406,Adam Bellavance,Home Office,New York City,New York,United States,Eastern US,USCA,TEC-AC-5744,Technology,Accessories,Sabrent 4-Port USB 2.0 Hub,6.79,1,2.3086,1.31,Critical,2014
20674,IN-2012-BW1111027-41076,16-06-2012,18-06-2012,2,First Class,BW-1111027,Bart Watters,Corporate,Beijing,Beijing,China,Eastern Asia,Asia Pacific,FUR-TA-3420,Furniture,Tables,"Bevis Conference Table, Fully Assembled",3238.305,5,-740.295,449.18,High,2012
11331,ES-2015-YC21895139-42097,03-04-2015,05-04-2015,2,First Class,YC-21895139,Yoseph Carroll,Corporate,London,England,United Kingdom,Northern Europe,Europe,FUR-BO-3639,Furniture,Bookcases,"Bush Library with Doors, Metal",2291.814,7,127.134,448.91,High,2015
58,MX-2012-JM1558082-41045,16-05-2012,19-05-2012,3,Second Class,JM-1558082,Jill Matthias,Consumer,Tulancingo,Hidalgo,Mexico,Central America,LATAM,TEC-PH-5355,Technology,Phones,"Nokia Smart Phone, Full Size",2124.5,5,488.6,447.657,High,2012
45091,BO-2015-MZ733513-42046,11-02-2015,15-02-2015,4,Second Class,MZ-733513,Maria Zettner,Home Office,Brest,Brest,Belarus,Eastern Europe,Europe,FUR-CH-4654,Furniture,Chairs,"Hon Executive Leather Armchair, Adjustable",2757.78,6,744.48,446.33,High,2015
18990,ES-2014-JF15295120-41924,12-10-2014,12-10-2014,0,Same Day,JF-15295120,Jason Fortune-,Consumer,Valencia,Valenciana,Spain,Southern Europe,Europe,TEC-AC-4185,Technology,Accessories,"Enermax Router, Bluetooth",1549.98,6,139.32,443.92,Critical,2014
34330,CA-2015-AB10060140-42264,17-09-2015,22-09-2015,5,Standard Class,AB-100601406,Adam Bellavance,Home Office,Philadelphia,Pennsylvania,United States,Eastern US,USCA,OFF-PA-6596,Office Supplies,Paper,Xerox 231,20.736,4,7.2576,1.23,High,2015
51130,UP-2015-DJ3510137-42202,17-07-2015,19-07-2015,2,Second Class,DJ-3510137,Don Jones,Corporate,Zhytomyr,Zhytomyr,Ukraine,Eastern Europe,Europe,OFF-AP-4738,Office Supplies,Appliances,"Hoover Refrigerator, White",3146.4,6,629.28,443.55,Critical,2015
14405,ES-2015-MF1825045-42330,22-11-2015,28-11-2015,6,Standard Class,MF-1825045,Monica Federle,Corporate,Argenteuil,Ile-de-France,France,Western Europe,Europe,TEC-MA-4205,Technology,Machines,"Epson Printer, Durable",2456.619,11,664.719,442.49,Low,2015
10745,IT-2012-TC2129545-41058,29-05-2012,01-06-2012,3,First Class,TC-2129545,Toby Carlisle,Consumer,Talence,Aquitaine-Limousin-Poitou-Charentes,France,Western Europe,Europe,FUR-TA-4642,Furniture,Tables,"Hon Computer Table, Adjustable Height",2228.6355,7,-754.4145,440.25,Critical,2012
40794,CA-2015-AB10060140-42314,06-11-2015,08-11-2015,2,First Class,AB-100601402,Adam Bellavance,Home Office,Greenwood,Indiana,United States,Central US,USCA,OFF-PA-3114,Office Supplies,Paper,"Ampad Gold Fibre Wirebound Steno Books, 6"" x 9"", Gregg Ruled",4.41,1,2.0286,1.21,High,2015
25850,IN-2015-CP1234058-42202,17-07-2015,20-07-2015,3,First Class,CP-1234058,Christine Phan,Corporate,Aurangabad,Bihar,India,Southern Asia,Asia Pacific,OFF-AP-4502,Office Supplies,Appliances,"Hamilton Beach Refrigerator, Red",4001.04,8,1440.24,439.65,Medium,2015
16109,ES-2015-EH1412545-42245,29-08-2015,03-09-2015,5,Standard Class,EH-1412545,Eugene Hildebrand,Home Office,Plaisir,Ile-de-France,France,Western Europe,Europe,TEC-PH-3148,Technology,Phones,"Apple Smart Phone, Full Size",4876.875,9,745.875,439.41,Medium,2015
22515,IN-2013-NC183407-41634,26-12-2013,26-12-2013,0,Same Day,NC-183407,Nat Carroll,Consumer,Melbourne,Victoria,Australia,Oceania,Asia Pacific,FUR-TA-5054,Furniture,Tables,"Lesro Computer Table, Adjustable Height",1788.822,6,204.282,439.03,Critical,2013
29269,IN-2015-BF1100558-42319,11-11-2015,15-11-2015,4,Standard Class,BF-1100558,Barry Franz,Home Office,Gorakhpur,Haryana,India,Southern Asia,Asia Pacific,OFF-AP-3577,Office Supplies,Appliances,"Breville Refrigerator, White",3622.29,7,1267.77,438.89,High,2015
29651,ID-2014-JS1603059-41760,01-05-2014,04-05-2014,3,Second Class,JS-1603059,Joy Smith,Consumer,Medan,Sumatera Utara,Indonesia,Southeastern Asia,Asia Pacific,FUR-TA-5072,Furniture,Tables,"Lesro Wood Table, Fully Assembled",1242.585,5,-140.715,437.85,Critical,2014
10670,ES-2012-AM10360139-41136,15-08-2012,20-08-2012,5,Standard Class,AM-10360139,Alice McCarthy,Corporate,Harrogate,England,United Kingdom,Northern Europe,Europe,TEC-PH-5354,Technology,Phones,"Nokia Smart Phone, Cordless",4453.05,7,1424.85,433.41,Medium,2012
24859,IN-2015-JF1519021-42341,03-12-2015,07-12-2015,4,Standard Class,JF-1519021,Jamie Frazer,Consumer,Phnom Penh,Phnom Penh,Cambodia,Southeastern Asia,Asia Pacific,FUR-TA-4706,Furniture,Tables,"Hon Training Table, Fully Assembled",2673.36,8,1069.2,432.57,High,2015
24466,IN-2014-AB100157-41815,25-06-2014,29-06-2014,4,Standard Class,AB-100157,Aaron Bergman,Consumer,Mackay,Queensland,Australia,Oceania,Asia Pacific,FUR-CH-4654,Furniture,Chairs,"Hon Executive Leather Armchair, Adjustable",2046.195,5,591.045,432.15,High,2014
15359,ES-2014-JG15160139-41660,21-01-2014,24-01-2014,3,Second Class,JG-15160139,James Galang,Consumer,Stockton-on-Tees,England,United Kingdom,Northern Europe,Europe,FUR-TA-3344,Furniture,Tables,"Barricks Conference Table, Fully Assembled",5451.3,6,2071.44,432.13,Medium,2014
39745,CA-2015-AH10075140-42301,24-10-2015,25-10-2015,1,First Class,AH-100751406,Adam Hart,Corporate,Cranston,Rhode Island,United States,Eastern US,USCA,FUR-TA-5421,Furniture,Tables,"Office Impressions End Table, 20-1/2""H x 24""W x 20""D",637.896,3,-127.5792,188.95,Critical,2015
21670,IN-2015-AG1033059-42197,12-07-2015,14-07-2015,2,Second Class,AG-1033059,Alex Grayson,Consumer,Jambi,Jambi,Indonesia,Southeastern Asia,Asia Pacific,OFF-AP-3574,Office Supplies,Appliances,"Breville Refrigerator, Black",1722.2832,4,539.4432,430.04,Critical,2015
39744,CA-2015-AH10075140-42301,24-10-2015,25-10-2015,1,First Class,AH-100751406,Adam Hart,Corporate,Cranston,Rhode Island,United States,Eastern US,USCA,FUR-FU-3936,Furniture,Furnishings,Deflect-o DuraMat Antistatic Studded Beveled Mat for Medium Pile Carpeting,210.68,2,50.5632,79.52,Critical,2015
17548,ES-2015-NF1847548-42248,01-09-2015,01-09-2015,0,Same Day,NF-1847548,Neil Französisch,Home Office,Moers,North Rhine-Westphalia,Germany,Western Europe,Europe,OFF-AP-3581,Office Supplies,Appliances,"Breville Stove, White",1007.424,2,134.304,428.83,Critical,2015
39742,CA-2015-AH10075140-42301,24-10-2015,25-10-2015,1,First Class,AH-100751406,Adam Hart,Corporate,Cranston,Rhode Island,United States,Eastern US,USCA,FUR-TA-4943,Furniture,Tables,KI Adjustable-Height Table,240.744,4,-13.7568,68.01,Critical,2015
20861,IN-2012-DR129407-41066,06-06-2012,10-06-2012,4,Second Class,DR-129407,Daniel Raglin,Home Office,Townsville,Queensland,Australia,Oceania,Asia Pacific,OFF-AP-4966,Office Supplies,Appliances,"KitchenAid Stove, Silver",4624.29,9,1644.03,427.46,Medium,2012
17907,ES-2012-NB1865548-41194,12-10-2012,12-10-2012,0,Same Day,NB-1865548,Nona Balk,Corporate,Hamburg,Hamburg,Germany,Western Europe,Europe,OFF-ST-6049,Office Supplies,Storage,"Smead Lockers, Wire Frame",1066.446,6,-11.934,427.24,Critical,2012
24361,IN-2014-NM1844527-41800,10-06-2014,10-06-2014,0,Same Day,NM-1844527,Nathan Mautz,Home Office,Shenzhen,Guangdong,China,Eastern Asia,Asia Pacific,TEC-CO-5991,Technology,Copiers,"Sharp Copy Machine, High-Speed",957.6,4,0,427.1,Critical,2014
29968,IN-2015-TA213857-42351,13-12-2015,17-12-2015,4,Standard Class,TA-213857,Tom Ashbrook,Home Office,Launceston,Tasmania,Australia,Oceania,Asia Pacific,OFF-AP-4508,Office Supplies,Appliances,"Hamilton Beach Stove, White",4864.32,10,162.12,426.09,Medium,2015
32221,CA-2014-AH10075140-41898,16-09-2014,21-09-2014,5,Standard Class,AH-100751406,Adam Hart,Corporate,New York City,New York,United States,Eastern US,USCA,OFF-BI-4338,Office Supplies,Binders,GBC DocuBind 300 Electric Binding Machine,841.568,2,294.5488,57.49,Medium,2014
28875,ID-2015-SC20380102-42165,10-06-2015,11-06-2015,1,First Class,SC-20380102,Shahid Collister,Consumer,Marikina,National Capital,Philippines,Southeastern Asia,Asia Pacific,OFF-AP-3580,Office Supplies,Appliances,"Breville Stove, Silver",1433.8395,3,-84.3705,424.81,High,2015
48781,SF-2012-PA9060117-40954,15-02-2012,16-02-2012,1,First Class,PA-9060117,Pete Armstrong,Home Office,Johannesburg,Gauteng,South Africa,Southern Africa,Africa,OFF-ST-6047,Office Supplies,Storage,"Smead Lockers, Industrial",2784.6,14,779.52,422.25,Critical,2012
15922,ES-2014-RB19570120-41971,28-11-2014,04-12-2014,6,Standard Class,RB-19570120,Rob Beeghly,Consumer,Barakaldo,Basque Country,Spain,Southern Europe,Europe,FUR-BO-5760,Furniture,Bookcases,"Safco Classic Bookcase, Metal",3063.27,7,1470.21,419.38,Low,2014
39983,CA-2014-AH10075140-41817,27-06-2014,27-06-2014,0,Same Day,AH-100751404,Adam Hart,Corporate,Los Angeles,California,United States,Western US,USCA,OFF-SU-5635,Office Supplies,Supplies,Premier Electric Letter Opener,231.72,2,11.586,43.08,Critical,2014
33163,CA-2015-AH10075140-42110,16-04-2015,19-04-2015,3,First Class,AH-100751404,Adam Hart,Corporate,Henderson,Nevada,United States,Western US,USCA,FUR-FU-4756,Furniture,Furnishings,"Howard Miller 12"" Round Wall Clock",196.45,5,70.722,36.52,Medium,2015
2641,US-2012-LH1675036-41129,08-08-2012,08-08-2012,0,Same Day,LH-1675036,Larry Hughes,Consumer,Santo Domingo,Santo Domingo,Dominican Republic,Caribbean,LATAM,TEC-PH-5839,Technology,Phones,"Samsung Smart Phone, Cordless",2044.8,6,-332.28,417.99,High,2012
39711,CA-2014-AH10075140-41991,18-12-2014,22-12-2014,4,Standard Class,AH-100751402,Adam Hart,Corporate,Arlington,Texas,United States,Central US,USCA,TEC-AC-6351,Technology,Accessories,WD My Passport Ultra 1TB Portable External Hard Drive,165.6,3,-6.21,11.15,Medium,2014
26068,IN-2013-KB1658527-41488,02-08-2013,04-08-2013,2,First Class,KB-1658527,Ken Black,Corporate,Qingdao,Shandong,China,Eastern Asia,Asia Pacific,TEC-CO-3608,Technology,Copiers,"Brother Wireless Fax, Color",1521,4,0,416.74,High,2013
10306,ES-2013-LH1715545-41444,19-06-2013,19-06-2013,0,Same Day,LH-1715545,Logan Haushalter,Consumer,Le Bouscat,Aquitaine-Limousin-Poitou-Charentes,France,Western Europe,Europe,OFF-AP-4507,Office Supplies,Appliances,"Hamilton Beach Stove, Silver",2443.905,5,760.305,416.33,High,2013
41716,CA-2015-AH1007523-42101,07-04-2015,12-04-2015,5,Standard Class,AH-1007523,Adam Hart,Corporate,Oakville,Ontario,Canada,Canada,USCA,OFF-ST-4257,Office Supplies,Storage,"Fellowes File Cart, Blue",137.31,1,54.9,11.13,High,2015
44140,IR-2014-MZ751560-41853,02-08-2014,02-08-2014,0,Same Day,MZ-751560,Mary Zewe,Corporate,Shiraz,Fars,Iran,Southern Asia,Asia Pacific,TEC-MA-4210,Technology,Machines,"Epson Receipt Printer, Red",1141.8,10,570.9,415.01,Critical,2014
29226,IN-2015-DM1334558-42146,22-05-2015,25-05-2015,3,Second Class,DM-1334558,Denise Monton,Corporate,Bokaro,Jharkhand,India,Southern Asia,Asia Pacific,OFF-ST-4266,Office Supplies,Storage,"Fellowes Lockers, Blue",1865.97,9,802.17,413.95,Critical,2015
27720,ID-2012-CA1196566-40949,10-02-2012,15-02-2012,5,Standard Class,CA-1196566,Carol Adams,Corporate,Fuji,Shizuoka,Japan,Eastern Asia,Asia Pacific,TEC-PH-5841,Technology,Phones,"Samsung Smart Phone, VoIP",6998.64,11,2939.31,413.8,Medium,2012
11073,ES-2014-SC20305120-41909,27-09-2014,27-09-2014,0,Same Day,SC-20305120,Sean Christensen,Consumer,Benidorm,Valenciana,Spain,Southern Europe,Europe,FUR-BO-3903,Furniture,Bookcases,"Dania Library with Doors, Pine",1091.25,3,119.97,411.64,Critical,2014
24030,IN-2015-MH1811558-42157,02-06-2015,04-06-2015,2,First Class,MH-1811558,Mick Hernandez,Home Office,Kozhikode,Kerala,India,Southern Asia,Asia Pacific,FUR-BO-4862,Furniture,Bookcases,"Ikea Library with Doors, Pine",1094.22,3,328.23,411.06,Critical,2015
30202,IN-2014-KS163007-41912,30-09-2014,03-10-2014,3,First Class,KS-163007,Karen Seio,Corporate,Adelaide,South Australia,Australia,Oceania,Asia Pacific,FUR-BO-3640,Furniture,Bookcases,"Bush Library with Doors, Mobile",1320.624,4,484.224,410.88,Critical,2014
27230,IN-2012-BG1174078-41108,18-07-2012,19-07-2012,1,First Class,BG-1174078,Bruce Geld,Consumer,Kuala Lumpur,Kuala Lumpur,Malaysia,Southeastern Asia,Asia Pacific,TEC-PH-5356,Technology,Phones,"Nokia Smart Phone, with Caller ID",2555.64,4,664.44,410.22,High,2012
51284,RS-2015-CR2625108-42230,14-08-2015,16-08-2015,2,Second Class,CR-2625108,Corey Roper,Home Office,Astrakhan',Astrakhan',Russia,Eastern Europe,Europe,FUR-BO-5950,Furniture,Bookcases,"Sauder Classic Bookcase, Pine",3498.72,8,594.72,410.05,Medium,2015
39743,CA-2015-AH10075140-42301,24-10-2015,25-10-2015,1,First Class,AH-100751406,Adam Hart,Corporate,Cranston,Rhode Island,United States,Eastern US,USCA,FUR-FU-4022,Furniture,Furnishings,"Eldon 400 Class Desk Accessories, Black Carbon",35,4,14.7,8.98,Critical,2015
28198,IN-2015-DK1309027-42308,31-10-2015,03-11-2015,3,First Class,DK-1309027,Dave Kipp,Consumer,Xiangtan,Hunan,China,Eastern Asia,Asia Pacific,TEC-CO-3611,Technology,Copiers,"Brother Wireless Fax, Laser",2272.86,6,977.22,406.53,High,2015
26028,IN-2014-JL1583527-41845,25-07-2014,30-07-2014,5,Standard Class,JL-1583527,John Lee,Consumer,Shaoxing,Zhejiang,China,Eastern Asia,Asia Pacific,TEC-PH-3806,Technology,Phones,"Cisco Smart Phone, Full Size",5211.12,8,833.76,404.97,Medium,2014
26325,IN-2015-AP1072058-42284,07-10-2015,11-10-2015,4,Standard Class,AP-1072058,Anne Pryor,Home Office,Jabalpur,Madhya Pradesh,India,Southern Asia,Asia Pacific,TEC-PH-5269,Technology,Phones,"Motorola Smart Phone, with Caller ID",2582.16,4,361.44,404.08,High,2015
21924,IN-2015-CR1282058-42294,17-10-2015,21-10-2015,4,Standard Class,CR-1282058,Cyra Reiten,Home Office,Patna,Bihar,India,Southern Asia,Asia Pacific,TEC-PH-5356,Technology,Phones,"Nokia Smart Phone, with Caller ID",3194.55,5,830.55,403.97,High,2015
30113,IN-2014-BF110807-41976,03-12-2014,06-12-2014,3,Second Class,BF-110807,Bart Folk,Consumer,Adelaide,South Australia,Australia,Oceania,Asia Pacific,FUR-CH-4531,Furniture,Chairs,"Harbour Creations Executive Leather Armchair, Black",1704.996,4,378.876,403.46,Critical,2014
30105,IN-2015-JM15265102-42316,08-11-2015,10-11-2015,2,First Class,JM-15265102,Janet Molinari,Corporate,Marikina,National Capital,Philippines,Southeastern Asia,Asia Pacific,OFF-AP-3571,Office Supplies,Appliances,"Breville Microwave, Red",1538.721,6,325.701,403.26,High,2015
24363,IN-2014-NM1844527-41800,10-06-2014,10-06-2014,0,Same Day,NM-1844527,Nathan Mautz,Home Office,Shenzhen,Guangdong,China,Eastern Asia,Asia Pacific,FUR-CH-5378,Furniture,Chairs,"Novimex Executive Leather Armchair, Adjustable",1381.32,3,593.91,403.15,Critical,2014
19902,IT-2012-TW2102545-41172,20-09-2012,22-09-2012,2,Second Class,TW-2102545,Tamara Willingham,Home Office,La Baule-Escoublac,Pays de la Loire,France,Western Europe,Europe,FUR-BO-5760,Furniture,Bookcases,"Safco Classic Bookcase, Metal",1181.547,3,498.807,401.25,Critical,2012
13998,IT-2012-RB1933045-41080,20-06-2012,23-06-2012,3,First Class,RB-1933045,Randy Bradley,Consumer,Dijon,Bourgogne-Franche-Comté,France,Western Europe,Europe,FUR-CH-4530,Furniture,Chairs,"Harbour Creations Executive Leather Armchair, Adjustable",1696.248,4,734.928,401.13,High,2012
38383,CA-2015-AH10075140-42273,26-09-2015,29-09-2015,3,First Class,AH-100751406,Adam Hart,Corporate,Chester,Pennsylvania,United States,Eastern US,USCA,OFF-SU-3839,Office Supplies,Supplies,Compact Automatic Electric Letter Opener,190.896,2,-42.9516,8.72,Medium,2015
37340,CA-2015-AH10075140-42144,20-05-2015,25-05-2015,5,Second Class,AH-100751408,Adam Hart,Corporate,Knoxville,Tennessee,United States,Southern US,USCA,FUR-CH-5429,Furniture,Chairs,Office Star - Mesh Screen back chair with Vinyl seat,314.352,3,-35.3646,6.19,Medium,2015
47087,SF-2015-AB10060117-42334,26-11-2015,29-11-2015,3,Second Class,AB-10060117,Adam Bellavance,Home Office,Cape Town,Western Cape,South Africa,Southern Africa,Africa,OFF-AP-4732,Office Supplies,Appliances,"Hoover Microwave, Silver",1237.56,4,606.36,400.03,Critical,2015
49833,EG-2013-JR567038-41363,30-03-2013,01-04-2013,2,First Class,JR-567038,Jim Radford,Consumer,Cairo,Al Qahirah,Egypt,North Africa,Africa,TEC-PH-5355,Technology,Phones,"Nokia Smart Phone, Full Size",1274.7,2,140.16,399.96,Critical,2013
2080,MX-2012-MD1735028-41222,09-11-2012,14-11-2012,5,Second Class,MD-1735028,Maribeth Dona,Consumer,Medellín,Antioquia,Colombia,South America,LATAM,OFF-AP-4962,Office Supplies,Appliances,"KitchenAid Refrigerator, Silver",3172.14,9,856.44,399.849,Medium,2012
39746,CA-2015-AH10075140-42301,24-10-2015,25-10-2015,1,First Class,AH-100751406,Adam Hart,Corporate,Cranston,Rhode Island,United States,Eastern US,USCA,OFF-PA-6415,Office Supplies,Paper,"Wirebound Message Book, 4 per Page",43.44,8,21.2856,5.97,Critical,2015
10303,ES-2013-EB13840139-41487,01-08-2013,06-08-2013,5,Second Class,EB-13840139,Ellis Ballard,Corporate,West Bromwich,England,United Kingdom,Northern Europe,Europe,OFF-AP-4743,Office Supplies,Appliances,"Hoover Stove, Red",3979.29,7,1989.54,398.5,Medium,2013
39710,CA-2014-AH10075140-41991,18-12-2014,22-12-2014,4,Standard Class,AH-100751402,Adam Hart,Corporate,Arlington,Texas,United States,Central US,USCA,OFF-PA-6577,Office Supplies,Paper,Xerox 214,51.84,10,18.144,4.93,Medium,2014
39984,CA-2014-AH10075140-41817,27-06-2014,27-06-2014,0,Same Day,AH-100751404,Adam Hart,Corporate,Los Angeles,California,United States,Western US,USCA,OFF-FA-5459,Office Supplies,Fasteners,OIC Binder Clips,17.9,5,8.95,4.89,Critical,2014
39985,CA-2014-AH10075140-41817,27-06-2014,27-06-2014,0,Same Day,AH-100751404,Adam Hart,Corporate,Los Angeles,California,United States,Western US,USCA,OFF-PA-3115,Office Supplies,Paper,"Ampad Phone Message Book, Recycled, 400 Message Capacity, 5 ¾” x 11”",12.48,2,5.616,2.73,Critical,2014
41838,AJ-2014-JL58359-41662,23-01-2014,27-01-2014,4,Standard Class,JL-58359,John Lee,Consumer,Baku,Baki,Azerbaijan,Western Asia,Asia Pacific,FUR-TA-3358,Furniture,Tables,"Barricks Wood Table, Rectangular",2058,4,946.68,393.62,High,2014
28110,IN-2012-EP1391559-41049,20-05-2012,24-05-2012,4,Second Class,EP-1391559,Emily Phan,Consumer,Jakarta,Jakarta,Indonesia,Southeastern Asia,Asia Pacific,FUR-BO-5967,Furniture,Bookcases,"Sauder Library with Doors, Mobile",2539.8765,7,709.9365,393.58,High,2012
12449,ES-2015-MS17770139-42275,28-09-2015,01-10-2015,3,First Class,MS-17770139,Maxwell Schwartz,Consumer,Burnley,England,United Kingdom,Northern Europe,Europe,FUR-BO-3626,Furniture,Bookcases,"Bush Classic Bookcase, Pine",2898.21,7,1420.02,393.46,High,2015
17848,IT-2012-CM1265545-41218,05-11-2012,07-11-2012,2,First Class,CM-1265545,Corinna Mitchell,Home Office,Laval,Pays de la Loire,France,Western Europe,Europe,TEC-MA-5007,Technology,Machines,"Konica Inkjet, White",1320.0075,5,357.1575,390.2,Critical,2012
46219,LH-2015-JC610575-42032,28-01-2015,30-01-2015,2,Second Class,JC-610575,Julie Creighton,Corporate,Vilnius,Vilnius,Lithuania,Northern Europe,Europe,FUR-TA-3345,Furniture,Tables,"Barricks Conference Table, Rectangular",2171.16,8,-2750.28,390.09,High,2015
26932,IN-2015-GB145307-42260,13-09-2015,19-09-2015,6,Standard Class,GB-145307,George Bell,Corporate,Brisbane,Queensland,Australia,Oceania,Asia Pacific,TEC-CO-4593,Technology,Copiers,"Hewlett Wireless Fax, Laser",4448.223,13,444.483,386.38,Medium,2015
32866,CA-2015-AH10075140-42335,27-11-2015,01-12-2015,4,Standard Class,AH-100751408,Adam Hart,Corporate,Atlanta,Georgia,United States,Southern US,USCA,OFF-AR-5327,Office Supplies,Art,Newell 347,12.84,3,3.7236,1.88,Medium,2015
4817,US-2012-JH161805-41264,21-12-2012,23-12-2012,2,First Class,JH-161805,Justin Hirsh,Consumer,Buenos Aires,Buenos Aires,Argentina,South America,LATAM,TEC-PH-3149,Technology,Phones,"Apple Smart Phone, with Caller ID",2300.616,9,38.196,386.003,High,2012
50593,EG-2014-MT807038-41675,05-02-2014,07-02-2014,2,Second Class,MT-807038,Michelle Tran,Home Office,Girga,Suhaj,Egypt,North Africa,Africa,FUR-BO-5951,Furniture,Bookcases,"Sauder Classic Bookcase, Traditional",2615.94,6,1072.44,384.41,Critical,2014
25445,IN-2012-AB1010558-41270,27-12-2012,28-12-2012,1,First Class,AB-1010558,Adrian Barton,Consumer,Kochi,Kerala,India,Southern Asia,Asia Pacific,TEC-CO-6010,Technology,Copiers,"Sharp Wireless Fax, Digital",1066.68,3,394.65,383.68,Critical,2012
39747,CA-2015-AH10075140-42301,24-10-2015,25-10-2015,1,First Class,AH-100751406,Adam Hart,Corporate,Cranston,Rhode Island,United States,Eastern US,USCA,OFF-AP-4739,Office Supplies,Appliances,Hoover Replacement Belt for Commercial Guardsman Heavy-Duty Upright Vacuum,2.22,1,0.666,1.64,Critical,2015
50000,LT-2012-CV280572-41025,26-04-2012,29-04-2012,3,First Class,CV-280572,Cynthia Voltz,Corporate,Maseru,Maseru,Lesotho,Southern Africa,Africa,TEC-PH-5354,Technology,Phones,"Nokia Smart Phone, Cordless",2544.6,4,814.2,383.01,High,2012
30934,IN-2012-NH1861092-41187,05-10-2012,10-10-2012,5,Standard Class,NH-1861092,Nicole Hansen,Corporate,Wellington,Wellington,New Zealand,Oceania,Asia Pacific,FUR-TA-4645,Furniture,Tables,"Hon Conference Table, Adjustable Height",3694.68,4,886.68,382.77,High,2012
21667,ID-2014-HJ1487527-41875,24-08-2014,26-08-2014,2,Second Class,HJ-1487527,Heather Jas,Home Office,Luoyang,Henan,China,Eastern Asia,Asia Pacific,FUR-TA-5065,Furniture,Tables,"Lesro Round Table, with Bottom Storage",2214.849,7,-221.571,382.1,Critical,2014
8870,MX-2014-JL1517518-41903,21-09-2014,24-09-2014,3,Second Class,JL-1517518,James Lanier,Home Office,Feira de Santana,Bahia,Brazil,South America,LATAM,FUR-CH-5776,Furniture,Chairs,"SAFCO Executive Leather Armchair, Set of Two",1236.48,4,111.28,381.219,Critical,2014
1899,MX-2015-MY1829593-42355,17-12-2015,19-12-2015,2,First Class,MY-1829593,Muhammed Yedwab,Corporate,Matagalpa,Matagalpa,Nicaragua,Central America,LATAM,OFF-AP-4505,Office Supplies,Appliances,"Hamilton Beach Stove, Black",1805.9,5,126.4,381.14,Critical,2015
36279,CA-2012-AH10075140-41228,15-11-2012,21-11-2012,6,Standard Class,AH-100751404,Adam Hart,Corporate,Huntington Beach,California,United States,Western US,USCA,OFF-LA-5591,Office Supplies,Labels,Permanent Self-Adhesive File Folder Labels for Typewriters by Universal,5.22,2,2.4012,1.51,Medium,2012
39051,CA-2013-AH10075140-41629,21-12-2013,23-12-2013,2,Second Class,AH-100751406,Adam Hart,Corporate,Columbus,Ohio,United States,Eastern US,USCA,OFF-AR-5458,Office Supplies,Art,"OIC #2 Pencils, Medium Soft",3.008,2,0.3384,1.38,High,2013
38382,CA-2015-AH10075140-42273,26-09-2015,29-09-2015,3,First Class,AH-100751406,Adam Hart,Corporate,Chester,Pennsylvania,United States,Eastern US,USCA,OFF-BI-3301,Office Supplies,Binders,Avery Metallic Poly Binders,8.595,5,-6.303,1.37,Medium,2015
9857,MX-2015-KC1654093-42158,03-06-2015,07-06-2015,4,Standard Class,KC-1654093,Kelly Collister,Consumer,Managua,Managua,Nicaragua,Central America,LATAM,OFF-AP-4507,Office Supplies,Appliances,"Hamilton Beach Stove, Silver",1810.3,5,54.3,378.258,High,2015
2398,MX-2015-CS1246093-42259,12-09-2015,14-09-2015,2,First Class,CS-1246093,Chuck Sachs,Consumer,Managua,Managua,Nicaragua,Central America,LATAM,TEC-PH-5354,Technology,Phones,"Nokia Smart Phone, Cordless",2120.5,5,106,377.704,Critical,2015
20610,IN-2015-HA1492027-42111,17-04-2015,17-04-2015,0,Same Day,HA-1492027,Helen Andreada,Consumer,Wuhai,Inner Mongolia,China,Eastern Asia,Asia Pacific,TEC-PH-3148,Technology,Phones,"Apple Smart Phone, Full Size",1275,2,140.22,377.58,Critical,2015
19446,ES-2013-MT1781545-41599,21-11-2013,24-11-2013,3,Second Class,MT-1781545,Meg Tillman,Consumer,Nantes,Pays de la Loire,France,Western Europe,Europe,TEC-MA-5017,Technology,Machines,"Konica Printer, Wireless",1593.648,7,-225.162,377.03,Critical,2013
11606,ES-2015-FW1439545-42069,06-03-2015,08-03-2015,2,First Class,FW-1439545,Fred Wasserman,Corporate,Strasbourg,Alsace-Champagne-Ardenne-Lorraine,France,Western Europe,Europe,FUR-BO-3627,Furniture,Bookcases,"Bush Classic Bookcase, Traditional",1114.236,3,383.706,376.88,Critical,2015
16161,ES-2013-BH1171048-41478,23-07-2013,28-07-2013,5,Standard Class,BH-1171048,Brosina Hoffman,Consumer,Berlin,Berlin,Germany,Western Europe,Europe,TEC-PH-3807,Technology,Phones,"Cisco Smart Phone, with Caller ID",2944.08,5,1112.13,376.58,High,2013
25761,ID-2015-DK1289559-42315,07-11-2015,09-11-2015,2,First Class,DK-1289559,Dana Kaydos,Consumer,Surabaya,Jawa Timur,Indonesia,Southeastern Asia,Asia Pacific,OFF-AP-4964,Office Supplies,Appliances,"KitchenAid Stove, Black",3309.2598,7,318.8598,374.8,High,2015
6594,MX-2015-KD1627018-42330,22-11-2015,24-11-2015,2,First Class,KD-1627018,Karen Daniels,Consumer,Tupã,São Paulo,Brazil,South America,LATAM,FUR-CH-4544,Furniture,Chairs,"Harbour Creations Rocking Chair, Adjustable",897.48,9,322.92,374.376,Critical,2015
17380,ES-2012-SC208458-41070,10-06-2012,13-06-2012,3,First Class,SC-208458,Sung Chung,Consumer,Vienna,Vienna,Austria,Western Europe,Europe,FUR-BO-4848,Furniture,Bookcases,"Ikea Classic Bookcase, Metal",2056.05,5,390.6,372.5,High,2012
3503,MX-2013-CY1274582-41531,14-09-2013,19-09-2013,5,Standard Class,CY-1274582,Craig Yedwab,Corporate,Mexico City,Distrito Federal,Mexico,Central America,LATAM,TEC-CO-6010,Technology,Copiers,"Sharp Wireless Fax, Digital",2365.6592,10,18.8592,372.318,High,2013
23537,IN-2012-HL150407-41237,24-11-2012,24-11-2012,0,Same Day,HL-150407,Hunter Lopez,Consumer,Hobart,Tasmania,Australia,Oceania,Asia Pacific,TEC-CO-3596,Technology,Copiers,"Brother Fax Machine, Digital",1336.356,7,44.436,371.74,Critical,2012
26037,IN-2013-CT1199566-41496,10-08-2013,12-08-2013,2,First Class,CT-1199566,Carol Triggs,Consumer,Hirakata,Osaka,Japan,Eastern Asia,Asia Pacific,TEC-CO-4591,Technology,Copiers,"Hewlett Wireless Fax, Digital",3038.64,8,1245.84,371.51,High,2013
20266,ES-2014-CC12370139-41718,20-03-2014,23-03-2014,3,Second Class,CC-12370139,Christopher Conant,Consumer,Preston,England,United Kingdom,Northern Europe,Europe,OFF-AP-3573,Office Supplies,Appliances,"Breville Microwave, White",2698.65,9,890.46,369.98,High,2014
42956,LT-2014-GR456072-42003,30-12-2014,04-01-2015,5,Standard Class,GR-456072,Georgia Rosenberg,Corporate,Maseru,Maseru,Lesotho,Southern Africa,Africa,TEC-CO-3688,Technology,Copiers,"Canon Fax Machine, High-Speed",3799.08,12,455.76,369.73,Medium,2014
21995,IN-2013-TT2107058-41551,04-10-2013,09-10-2013,5,Standard Class,TT-2107058,Ted Trevino,Consumer,Agra,Uttar Pradesh,India,Southern Asia,Asia Pacific,FUR-CH-4656,Furniture,Chairs,"Hon Executive Leather Armchair, Red",2756.34,6,413.28,369.4,High,2013
15570,IT-2013-PO19195120-41492,06-08-2013,07-08-2013,1,First Class,PO-19195120,Phillina Ober,Home Office,Granollers,Catalonia,Spain,Southern Europe,Europe,TEC-PH-3146,Technology,Phones,"Apple Signal Booster, with Caller ID",983.88,8,-11.16,369.17,Critical,2013
25831,IN-2013-ED13885144-41549,02-10-2013,02-10-2013,0,Same Day,ED-13885144,Emily Ducich,Home Office,Ho Chi Minh City,Ho Chí Minh City,Vietnam,Southeastern Asia,Asia Pacific,FUR-CH-4530,Furniture,Chairs,"Harbour Creations Executive Leather Armchair, Adjustable",1719.807,5,117.657,368.44,High,2013
29383,IN-2015-AP1091559-42089,26-03-2015,29-03-2015,3,First Class,AP-1091559,Arthur Prichep,Consumer,Jakarta,Jakarta,Indonesia,Southeastern Asia,Asia Pacific,OFF-AP-4966,Office Supplies,Appliances,"KitchenAid Stove, Silver",1421.541,3,428.121,367.57,Critical,2015
879,MX-2015-TM2149031-42329,21-11-2015,21-11-2015,0,Same Day,TM-2149031,Tony Molinari,Consumer,Camagüey,Camagüey,Cuba,Caribbean,LATAM,TEC-CO-3597,Technology,Copiers,"Brother Fax Machine, High-Speed",1053.6884,5,441.2884,367.549,High,2015
16997,IT-2012-AW1084091-41242,29-11-2012,30-11-2012,1,First Class,AW-1084091,Anthony Witt,Consumer,Amsterdam,North Holland,Netherlands,Western Europe,Europe,TEC-CO-4792,Technology,Copiers,"HP Wireless Fax, Laser",1440.84,8,-1268.04,367.35,Critical,2012
21287,IN-2012-DP131057-41215,02-11-2012,04-11-2012,2,Second Class,DP-131057,Dave Poirier,Corporate,Gold Coast,Queensland,Australia,Oceania,Asia Pacific,FUR-CH-4530,Furniture,Chairs,"Harbour Creations Executive Leather Armchair, Adjustable",2544.372,6,621.792,366.89,Critical,2012
37341,CA-2015-AH10075140-42144,20-05-2015,25-05-2015,5,Second Class,AH-100751408,Adam Hart,Corporate,Knoxville,Tennessee,United States,Southern US,USCA,OFF-PA-6504,Office Supplies,Paper,Xerox 1949,27.888,7,10.1094,1.26,Medium,2015
47029,RO-2013-SG10605107-41614,06-12-2013,06-12-2013,0,Same Day,SG-10605107,Speros Goranitis,Consumer,Piatra-Neamt,Neamt,Romania,Eastern Europe,Europe,TEC-CO-4571,Technology,Copiers,"Hewlett Fax and Copier, Color",1554.48,8,341.76,366.58,High,2013
8378,MX-2014-BM1178582-41976,03-12-2014,04-12-2014,1,First Class,BM-1178582,Bryan Mills,Consumer,Milpa Alta,Distrito Federal,Mexico,Central America,LATAM,TEC-PH-5839,Technology,Phones,"Samsung Smart Phone, Cordless",1278,3,89.46,365.902,High,2014
2496,MX-2013-FH1436582-41628,20-12-2013,24-12-2013,4,Standard Class,FH-1436582,Fred Hopkins,Corporate,Mexico City,Distrito Federal,Mexico,Central America,LATAM,TEC-PH-3806,Technology,Phones,"Cisco Smart Phone, Full Size",3474.08,8,625.28,365.652,High,2013
990,MX-2013-DK1337582-41530,13-09-2013,15-09-2013,2,Second Class,DK-1337582,Dennis Kane,Consumer,León,Guanajuato,Mexico,Central America,LATAM,TEC-PH-3148,Technology,Phones,"Apple Smart Phone, Full Size",2550,6,357,365.2,Medium,2013
34756,CA-2015-AS10090140-42264,17-09-2015,19-09-2015,2,First Class,AS-100901406,Adam Shillingsburg,Consumer,Philadelphia,Pennsylvania,United States,Eastern US,USCA,OFF-BI-4343,Office Supplies,Binders,GBC DocuBind TL300 Electric Binding System,538.194,2,-412.6154,209.3,Critical,2015
40955,CA-2012-AS10090140-41173,21-09-2012,28-09-2012,7,Standard Class,AS-100901406,Adam Shillingsburg,Consumer,New York City,New York,United States,Eastern US,USCA,FUR-CH-5430,Furniture,Chairs,Office Star - Mid Back Dual function Ergonomic High Back Chair with 2-Way Adjustable Arms,579.528,4,83.7096,64.56,Medium,2012
33285,CA-2013-AS10090140-41587,09-11-2013,13-11-2013,4,Standard Class,AS-100901402,Adam Shillingsburg,Consumer,Springfield,Missouri,United States,Central US,USCA,FUR-TA-3427,Furniture,Tables,Bevis Round Conference Table Top & Single Column Base,1024.38,7,215.1198,62.17,Medium,2013
43395,TU-2013-SF10200134-41417,23-05-2013,26-05-2013,3,First Class,SF-10200134,Sarah Foster,Consumer,Izmir,Izmir,Turkey,Western Asia,Asia Pacific,TEC-PH-5815,Technology,Phones,"Samsung Audio Dock, with Caller ID",934.248,14,-1331.652,363.73,High,2013
36524,CA-2014-AS10090140-41812,22-06-2014,27-06-2014,5,Standard Class,AS-100901406,Adam Shillingsburg,Consumer,New York City,New York,United States,Eastern US,USCA,FUR-BO-5529,Furniture,Bookcases,O'Sullivan Living Dimensions 5-Shelf Bookcases,353.568,2,-44.196,48.18,High,2014
46991,SG-2015-JW5220111-42108,14-04-2015,17-04-2015,3,Second Class,JW-5220111,Jane Waco,Corporate,Dakar,Dakar,Senegal,Western Africa,Africa,TEC-PH-3805,Technology,Phones,"Cisco Smart Phone, Cordless",3908.88,6,1563.48,363.16,Medium,2015
9711,MX-2015-CC1210082-42245,29-08-2015,02-09-2015,4,Standard Class,CC-1210082,Chad Cunningham,Home Office,Coyoacán,Distrito Federal,Mexico,Central America,LATAM,TEC-PH-5268,Technology,Phones,"Motorola Smart Phone, Full Size",2142.3,5,556.9,363.1,High,2015
31138,ID-2015-RD1993092-42140,16-05-2015,18-05-2015,2,Second Class,RD-1993092,Russell D'Ascenzo,Consumer,Manukau City,Auckland,New Zealand,Oceania,Asia Pacific,OFF-AP-4961,Office Supplies,Appliances,"KitchenAid Refrigerator, Red",1900.584,6,-348.516,360.04,High,2015
46655,CM-2013-BP123022-41621,13-12-2013,15-12-2013,2,First Class,BP-123022,Benjamin Patterson,Consumer,Yaounde,Centre,Cameroon,Central Africa,Africa,OFF-AP-4733,Office Supplies,Appliances,"Hoover Microwave, White",1840.68,6,496.98,359.58,Critical,2013
10365,ES-2012-SA20830139-40998,30-03-2012,03-04-2012,4,Standard Class,SA-20830139,Sue Ann Reed,Consumer,Newcastle upon Tyne,England,United Kingdom,Northern Europe,Europe,FUR-BO-5950,Furniture,Bookcases,"Sauder Classic Bookcase, Pine",2624.04,6,446.04,359.28,High,2012
21500,IN-2013-EM1381058-41308,03-02-2013,07-02-2013,4,Second Class,EM-1381058,Eleni McCrary,Corporate,Dehra Dun,Uttarakhand,India,Southern Asia,Asia Pacific,FUR-BO-5762,Furniture,Bookcases,"Safco Classic Bookcase, Pine",3076.5,7,215.25,359.27,Medium,2013
28108,IN-2014-CS12175130-41788,29-05-2014,01-06-2014,3,Second Class,CS-12175130,Charles Sheldon,Corporate,Bangkok,Bangkok,Thailand,Southeastern Asia,Asia Pacific,TEC-PH-5356,Technology,Phones,"Nokia Smart Phone, with Caller ID",3181.7718,6,344.9718,359.09,Medium,2014
16456,IT-2013-JD16060120-41515,29-08-2013,01-09-2013,3,First Class,JD-16060120,Julia Dunbar,Consumer,Santander,Cantabria,Spain,Southern Europe,Europe,OFF-ST-5691,Office Supplies,Storage,"Rogers File Cart, Blue",1392.633,11,-139.557,358.96,Critical,2013
23791,IN-2012-GH1466527-41074,14-06-2012,16-06-2012,2,First Class,GH-1466527,Greg Hansen,Consumer,Cangzhou,Hebei,China,Eastern Asia,Asia Pacific,FUR-CH-5412,Furniture,Chairs,"Novimex Swivel Stool, Black",1296.24,8,285.12,358.85,Critical,2012
28128,IN-2015-CM1193527-42244,28-08-2015,31-08-2015,3,First Class,CM-1193527,Carlos Meador,Consumer,Shanghai,Shanghai,China,Eastern Asia,Asia Pacific,OFF-AP-3578,Office Supplies,Appliances,"Breville Stove, Black",1682.91,3,487.98,358.51,Medium,2015
4585,MX-2012-JB1600093-41208,26-10-2012,27-10-2012,1,First Class,JB-1600093,Joy Bell-,Consumer,León,León,Nicaragua,Central America,LATAM,TEC-PH-5839,Technology,Phones,"Samsung Smart Phone, Cordless",1278,3,89.46,358.176,Critical,2012
41299,RS-2015-RB9465108-42082,19-03-2015,23-03-2015,4,Second Class,RB-9465108,Rick Bensley,Home Office,Rybinsk,Yaroslavl',Russia,Eastern Europe,Europe,TEC-PH-5268,Technology,Phones,"Motorola Smart Phone, Full Size",2570.76,4,976.8,357.89,Medium,2015
8753,MX-2015-RB1979518-42258,11-09-2015,18-09-2015,7,Standard Class,RB-1979518,Ross Baird,Home Office,Ibiúna,São Paulo,Brazil,South America,LATAM,FUR-TA-3763,Furniture,Tables,"Chromcraft Conference Table, Adjustable Height",2332.96,5,349.86,357.789,Low,2015
31293,ID-2013-PO191957-41514,28-08-2013,28-08-2013,0,Same Day,PO-191957,Phillina Ober,Home Office,Gold Coast,Queensland,Australia,Oceania,Asia Pacific,FUR-BO-5762,Furniture,Bookcases,"Safco Classic Bookcase, Pine",1582.2,6,-870.3,357.21,Critical,2013
34753,CA-2015-AS10090140-42264,17-09-2015,19-09-2015,2,First Class,AS-100901406,Adam Shillingsburg,Consumer,Philadelphia,Pennsylvania,United States,Eastern US,USCA,TEC-AC-5138,Technology,Accessories,Logitech Trackman Marble Mouse,71.976,3,19.7934,16.53,Critical,2015
31033,IN-2014-TS212057-41852,01-08-2014,04-08-2014,3,Second Class,TS-212057,Thomas Seio,Corporate,Canberra,Australian Capital Territory,Australia,Oceania,Asia Pacific,FUR-TA-5053,Furniture,Tables,"Lesro Coffee Table, with Bottom Storage",1512,6,498.96,356.84,Critical,2014
36523,CA-2014-AS10090140-41812,22-06-2014,27-06-2014,5,Standard Class,AS-100901406,Adam Shillingsburg,Consumer,New York City,New York,United States,Eastern US,USCA,OFF-BI-5638,Office Supplies,Binders,"Premium Transparent Presentation Covers, No Pattern/Clear, 8 1/2"" x 11""",186.144,6,60.4968,15.46,High,2014
49752,SF-2015-MV8190117-42362,24-12-2015,27-12-2015,3,First Class,MV-8190117,Mike Vittorini,Consumer,Port Elizabeth,Eastern Cape,South Africa,Southern Africa,Africa,TEC-PH-3148,Technology,Phones,"Apple Smart Phone, Full Size",2550,4,714,355.92,Medium,2015
34757,CA-2015-AS10090140-42264,17-09-2015,19-09-2015,2,First Class,AS-100901406,Adam Shillingsburg,Consumer,Philadelphia,Pennsylvania,United States,Eastern US,USCA,TEC-AC-5094,Technology,Accessories,Logitech 910-002974 M325 Wireless Mouse for Web Scrolling,47.984,2,14.3952,13.56,Critical,2015
20145,ES-2013-BD11560139-41327,22-02-2013,25-02-2013,3,First Class,BD-11560139,Brendan Dodson,Home Office,Cambridge,England,United Kingdom,Northern Europe,Europe,FUR-CH-4655,Furniture,Chairs,"Hon Executive Leather Armchair, Black",2285.7,5,845.7,355.06,High,2013
24211,IN-2015-PS1876059-42288,11-10-2015,13-10-2015,2,Second Class,PS-1876059,Pamela Stobb,Consumer,Bandung,Jawa Barat,Indonesia,Southeastern Asia,Asia Pacific,FUR-BO-3648,Furniture,Bookcases,"Bush Stackable Bookrack, Traditional",1029.2589,9,10.8189,354.47,Critical,2015
4027,US-2015-FM1421551-42115,21-04-2015,23-04-2015,2,Second Class,FM-1421551,Filia McAdams,Corporate,Mixco,Guatemala,Guatemala,Central America,LATAM,TEC-CO-4577,Technology,Copiers,"Hewlett Fax Machine, High-Speed",1058.2792,5,-2.1208,354.423,Critical,2015
23212,IN-2014-CA1277558-41802,12-06-2014,17-06-2014,5,Standard Class,CA-1277558,Cynthia Arntzen,Consumer,Kota,Chhattisgarh,India,Southern Asia,Asia Pacific,TEC-PH-3149,Technology,Phones,"Apple Smart Phone, with Caller ID",5751.54,9,2817.99,353.85,Medium,2014
14952,ES-2014-CD1279048-41899,17-09-2014,20-09-2014,3,First Class,CD-1279048,Cynthia Delaney,Home Office,Munster,Lower Saxony,Germany,Western Europe,Europe,FUR-BO-5969,Furniture,Bookcases,"Sauder Library with Doors, Traditional",2442.069,7,-244.251,353.57,High,2014
30312,IN-2015-NL1831092-42266,19-09-2015,19-09-2015,0,Same Day,NL-1831092,Nancy Lomonaco,Home Office,Christchurch,Canterbury,New Zealand,Oceania,Asia Pacific,OFF-ST-6046,Office Supplies,Storage,"Smead Lockers, Blue",1190.52,6,178.56,353.42,Critical,2015
11657,IT-2015-TB2105545-42334,26-11-2015,03-12-2015,7,Standard Class,TB-2105545,Ted Butterfield,Consumer,Vincennes,Ile-de-France,France,Western Europe,Europe,OFF-AP-4502,Office Supplies,Appliances,"Hamilton Beach Refrigerator, Red",3150.819,7,-35.091,353.04,Medium,2015
17552,ES-2015-NF1847548-42248,01-09-2015,01-09-2015,0,Same Day,NF-1847548,Neil Französisch,Home Office,Moers,North Rhine-Westphalia,Germany,Western Europe,Europe,TEC-CO-3595,Technology,Copiers,"Brother Fax Machine, Color",1599.9,5,719.85,352.79,Critical,2015
26759,IN-2015-KD1649527-42175,20-06-2015,26-06-2015,6,Standard Class,KD-1649527,Keith Dawkins,Corporate,Chongqing,Chongqing,China,Eastern Asia,Asia Pacific,FUR-BO-3627,Furniture,Bookcases,"Bush Classic Bookcase, Traditional",2063.4,5,123.75,352.64,Low,2015
50837,HU-2015-EH412557-42300,23-10-2015,25-10-2015,2,First Class,EH-412557,Eugene Hildebrand,Home Office,Gyula,Bekes,Hungary,Eastern Europe,Europe,OFF-ST-5702,Office Supplies,Storage,"Rogers Lockers, Single Width",1269.9,6,558.72,352.52,High,2015
20869,IN-2012-KB1660058-41136,15-08-2012,19-08-2012,4,Standard Class,KB-1660058,Ken Brennan,Corporate,Lucknow,Uttar Pradesh,India,Southern Asia,Asia Pacific,FUR-BO-3639,Furniture,Bookcases,"Bush Library with Doors, Metal",3274.02,9,261.9,351.08,Medium,2012
2397,MX-2015-CS1246093-42259,12-09-2015,14-09-2015,2,First Class,CS-1246093,Chuck Sachs,Consumer,Managua,Managua,Nicaragua,Central America,LATAM,TEC-PH-5841,Technology,Phones,"Samsung Smart Phone, VoIP",848.32,2,110.28,351.067,Critical,2015
33698,CA-2015-AS10090140-42096,02-04-2015,05-04-2015,3,Second Class,AS-100901402,Adam Shillingsburg,Consumer,Springfield,Missouri,United States,Central US,USCA,OFF-ST-4516,Office Supplies,Storage,Hanging Personal Folder File,94.2,6,23.55,12.42,High,2015
15132,ES-2015-MG1769564-42018,14-01-2015,16-01-2015,2,First Class,MG-1769564,Maureen Gnade,Consumer,Turin,Piedmont,Italy,Southern Europe,Europe,TEC-CO-6012,Technology,Copiers,"Sharp Wireless Fax, Laser",2847.36,8,711.84,350.68,High,2015
27129,ID-2015-VF21715102-42321,13-11-2015,15-11-2015,2,Second Class,VF-21715102,Vicky Freymann,Home Office,Manila,National Capital,Philippines,Southeastern Asia,Asia Pacific,FUR-CH-5380,Furniture,Chairs,"Novimex Executive Leather Armchair, Red",1725.75,5,-483.3,350.68,Critical,2015
25179,ID-2014-AM1070559-41803,13-06-2014,13-06-2014,0,Same Day,AM-1070559,Anne McFarland,Consumer,Medan,Sumatera Utara,Indonesia,Southeastern Asia,Asia Pacific,TEC-CO-4568,Technology,Copiers,"Hewlett Copy Machine, Color",1479.3138,6,-63.6462,350.31,High,2014
34754,CA-2015-AS10090140-42264,17-09-2015,19-09-2015,2,First Class,AS-100901406,Adam Shillingsburg,Consumer,Philadelphia,Pennsylvania,United States,Eastern US,USCA,FUR-FU-4050,Furniture,Furnishings,"Eldon Expressions Punched Metal & Wood Desk Accessories, Black & Cherry",22.512,3,2.2512,5.83,Critical,2015
24610,IN-2015-BP11290113-42269,22-09-2015,25-09-2015,3,Second Class,BP-11290113,Beth Paige,Consumer,Singapore,Singapore,Singapore,Southeastern Asia,Asia Pacific,TEC-CO-4588,Technology,Copiers,"Hewlett Personal Copier, High-Speed",1282.23,9,12.69,349.88,Critical,2015
50724,AO-2012-HZ49504-40916,08-01-2012,13-01-2012,5,Standard Class,HZ-49504,Henia Zydlo,Consumer,Benguela,Benguela,Angola,Central Africa,Africa,FUR-BO-4850,Furniture,Bookcases,"Ikea Classic Bookcase, Pine",2478.6,6,49.5,349.87,High,2012
40952,CA-2012-AS10090140-41173,21-09-2012,28-09-2012,7,Standard Class,AS-100901406,Adam Shillingsburg,Consumer,New York City,New York,United States,Eastern US,USCA,FUR-FU-3844,Furniture,Furnishings,"Computer Room Manger, 14""",97.44,3,35.0784,5.5,Medium,2012
28226,IN-2014-EM1382566-41850,30-07-2014,30-07-2014,0,Same Day,EM-1382566,Elizabeth Moffitt,Corporate,Himeji,Hyogo,Japan,Eastern Asia,Asia Pacific,TEC-CO-4578,Technology,Copiers,"Hewlett Fax Machine, Laser",959.76,3,460.62,348.48,Critical,2014
33191,US-2015-AS10090140-42341,03-12-2015,06-12-2015,3,First Class,AS-100901408,Adam Shillingsburg,Consumer,Charlottesville,Virginia,United States,Southern US,USCA,OFF-AR-5285,Office Supplies,Art,Newell 309,34.65,3,10.395,4.99,Medium,2015
25941,IN-2015-BS1180059-42124,30-04-2015,04-05-2015,4,Standard Class,BS-1180059,Bryan Spruell,Home Office,Kendari,Sulawesi Tenggara,Indonesia,Southeastern Asia,Asia Pacific,OFF-AP-4504,Office Supplies,Appliances,"Hamilton Beach Refrigerator, White",4135.641,10,847.041,348.08,Medium,2015
581,MX-2012-DV1346539-41179,27-09-2012,29-09-2012,2,Second Class,DV-1346539,Dianna Vittorini,Consumer,Mejicanos,San Salvador,El Salvador,Central America,LATAM,FUR-BO-5951,Furniture,Bookcases,"Sauder Classic Bookcase, Traditional",2325.28,8,511.52,347.815,High,2012
21263,IN-2015-MB173057-42179,24-06-2015,28-06-2015,4,Standard Class,MB-173057,Maria Bertelson,Consumer,Sydney,New South Wales,Australia,Oceania,Asia Pacific,FUR-BO-5948,Furniture,Bookcases,"Sauder Classic Bookcase, Metal",5486.67,14,2316.51,346.6,Medium,2015
13571,IT-2012-PC19000120-41004,05-04-2012,07-04-2012,2,First Class,PC-19000120,Pauline Chand,Home Office,Barcelona,Catalonia,Spain,Southern Europe,Europe,OFF-ST-5700,Office Supplies,Storage,"Rogers Lockers, Blue",1523.664,8,-50.976,345.81,High,2012
11639,IT-2015-CA1231045-42223,07-08-2015,09-08-2015,2,Second Class,CA-1231045,Christine Abelman,Corporate,Menton,Provence-Alpes-Côte d'Azur,France,Western Europe,Europe,TEC-PH-5355,Technology,Phones,"Nokia Smart Phone, Full Size",1625.2425,3,-76.5675,345.78,Critical,2015
33699,CA-2015-AS10090140-42096,02-04-2015,05-04-2015,3,Second Class,AS-100901402,Adam Shillingsburg,Consumer,Springfield,Missouri,United States,Central US,USCA,OFF-FA-6129,Office Supplies,Fasteners,Staples,28.4,5,13.348,4.46,High,2015
13307,ES-2015-MB1808545-42049,14-02-2015,16-02-2015,2,First Class,MB-1808545,Mick Brown,Consumer,Clermont-Ferrand,Auvergne,France,Western Europe,Europe,OFF-ST-6261,Office Supplies,Storage,"Tenex Lockers, Blue",734.94,4,130.62,344.98,Critical,2015
40245,CA-2012-AS10090140-41266,23-12-2012,25-12-2012,2,First Class,AS-100901404,Adam Shillingsburg,Consumer,San Diego,California,United States,Western US,USCA,OFF-AP-3367,Office Supplies,Appliances,Belkin 7-Outlet SurgeMaster Home Series,13.97,1,3.6322,2.16,High,2012
43307,RO-2013-DB3660107-41503,17-08-2013,19-08-2013,2,Second Class,DB-3660107,Duane Benoit,Consumer,Buzau,Buzau,Romania,Eastern Europe,Europe,FUR-CH-5456,Furniture,Chairs,"Office Star Swivel Stool, Red",1391.52,8,69.36,344.5,Critical,2013
33286,CA-2013-AS10090140-41587,09-11-2013,13-11-2013,4,Standard Class,AS-100901402,Adam Shillingsburg,Consumer,Springfield,Missouri,United States,Central US,USCA,OFF-EN-2848,Office Supplies,Envelopes,"#10- 4 1/8"" x 9 1/2"" Recycled Envelopes",26.22,3,12.3234,2.15,Medium,2013
9702,MX-2013-BG1174018-41493,07-08-2013,08-08-2013,1,First Class,BG-1174018,Bruce Geld,Consumer,Bayeux,Paraíba,Brazil,South America,LATAM,OFF-AP-4960,Office Supplies,Appliances,"KitchenAid Refrigerator, Black",2461.06,7,566.02,343.809,High,2013
36522,CA-2014-AS10090140-41812,22-06-2014,27-06-2014,5,Standard Class,AS-100901406,Adam Shillingsburg,Consumer,New York City,New York,United States,Eastern US,USCA,OFF-BI-6094,Office Supplies,Binders,SpineVue Locking Slant-D Ring Binders by Cardinal,36.56,5,12.796,2.02,High,2014
39145,CA-2014-AS10090140-41762,03-05-2014,07-05-2014,4,Standard Class,AS-100901402,Adam Shillingsburg,Consumer,Irving,Texas,United States,Central US,USCA,OFF-ST-3078,Office Supplies,Storage,Akro Stacking Bins,18.936,3,-3.7872,1.79,Medium,2014
22762,IN-2013-KB1631578-41495,09-08-2013,11-08-2013,2,First Class,KB-1631578,Karl Braun,Consumer,Kuala Lumpur,Kuala Lumpur,Malaysia,Southeastern Asia,Asia Pacific,TEC-MA-5005,Technology,Machines,"Konica Card Printer, Wireless",1226.19,7,612.99,340.09,Critical,2013
20867,ID-2014-PK190757-41691,21-02-2014,22-02-2014,1,First Class,PK-190757,Pete Kriz,Consumer,Perth,Western Australia,Australia,Oceania,Asia Pacific,FUR-TA-3359,Furniture,Tables,"Barricks Wood Table, with Bottom Storage",1809.255,5,-258.495,339.47,High,2014
28836,ID-2013-CS121757-41473,18-07-2013,19-07-2013,1,First Class,CS-121757,Charles Sheldon,Corporate,Darwin,Northern Territory,Australia,Oceania,Asia Pacific,TEC-AC-3402,Technology,Accessories,"Belkin Router, Bluetooth",1863,8,393.24,339.06,High,2013
37405,CA-2014-AS10090140-41894,12-09-2014,17-09-2014,5,Standard Class,AS-100901402,Adam Shillingsburg,Consumer,Chicago,Illinois,United States,Central US,USCA,OFF-LA-6021,Office Supplies,Labels,Smead Alpha-Z Color-Coded Name Labels First Letter Starter Set,6,2,2.1,1.46,High,2014
12815,ES-2015-AF1088545-42103,09-04-2015,12-04-2015,3,First Class,AF-1088545,Art Foster,Consumer,Bayeux,Normandy,France,Western Europe,Europe,OFF-ST-6049,Office Supplies,Storage,"Smead Lockers, Wire Frame",1244.187,7,-13.923,338.33,Critical,2015
16587,ES-2013-SJ2050045-41443,18-06-2013,20-06-2013,2,Second Class,SJ-2050045,Shirley Jackson,Consumer,Lens,Nord-Pas-de-Calais-Picardie,France,Western Europe,Europe,FUR-TA-3343,Furniture,Tables,"Barricks Conference Table, Adjustable Height",2364.102,4,-218.298,338.1,Medium,2013
18691,ES-2014-DM1295545-42004,31-12-2014,02-01-2015,2,First Class,DM-1295545,Dario Medina,Corporate,Lannion,Brittany,France,Western Europe,Europe,TEC-CO-4590,Technology,Copiers,"Hewlett Wireless Fax, Color",1946.313,6,114.453,337.93,High,2014
39146,CA-2014-AS10090140-41762,03-05-2014,07-05-2014,4,Standard Class,AS-100901402,Adam Shillingsburg,Consumer,Irving,Texas,United States,Central US,USCA,OFF-ST-6158,Office Supplies,Storage,Sterilite Show Offs Storage Containers,12.672,3,-3.168,1.42,Medium,2014
17534,IT-2013-CC1261048-41289,15-01-2013,17-01-2013,2,First Class,CC-1261048,Corey Catlett,Corporate,Iserlohn,North Rhine-Westphalia,Germany,Western Europe,Europe,OFF-AP-4497,Office Supplies,Appliances,"Hamilton Beach Microwave, Black",2283.714,9,-0.216,337.07,High,2013
46920,CG-2013-BW106533-41437,12-06-2013,14-06-2013,2,First Class,BW-106533,Barry Weirich,Consumer,Kalemie,Katanga,Democratic Republic of the Congo,Central Africa,Africa,TEC-PH-5840,Technology,Phones,"Samsung Smart Phone, Full Size",2549.76,4,1172.88,336.65,Medium,2013
20521,IN-2015-BE114557-42080,17-03-2015,22-03-2015,5,Second Class,BE-114557,Brad Eason,Home Office,Sydney,New South Wales,Australia,Oceania,Asia Pacific,TEC-CO-4568,Technology,Copiers,"Hewlett Copy Machine, Color",3299.562,14,366.282,336.02,Medium,2015
12032,ES-2013-TG2164014-41591,13-11-2013,17-11-2013,4,Standard Class,TG-2164014,Trudy Glocke,Consumer,Ghent,East Flanders,Belgium,Western Europe,Europe,OFF-AP-3867,Office Supplies,Appliances,"Cuisinart Microwave, White",2489.4,9,273.78,335.95,High,2013
39147,CA-2014-AS10090140-41762,03-05-2014,07-05-2014,4,Standard Class,AS-100901402,Adam Shillingsburg,Consumer,Irving,Texas,United States,Central US,USCA,OFF-LA-3224,Office Supplies,Labels,Avery 502,5.04,2,1.764,1.35,Medium,2014
34755,CA-2015-AS10090140-42264,17-09-2015,19-09-2015,2,First Class,AS-100901406,Adam Shillingsburg,Consumer,Philadelphia,Pennsylvania,United States,Eastern US,USCA,OFF-BI-3473,Office Supplies,Binders,Binder Posts,3.444,2,-2.7552,1.31,Critical,2015
11549,ES-2015-VM2168545-42140,16-05-2015,19-05-2015,3,First Class,VM-2168545,Valerie Mitchum,Home Office,Marseille,Provence-Alpes-Côte d'Azur,France,Western Europe,Europe,FUR-BO-5971,Furniture,Bookcases,"Sauder Stackable Bookrack, Mobile",1189.242,9,250.992,334.23,High,2015
33284,CA-2013-AS10090140-41587,09-11-2013,13-11-2013,4,Standard Class,AS-100901402,Adam Shillingsburg,Consumer,Springfield,Missouri,United States,Central US,USCA,OFF-BI-3473,Office Supplies,Binders,Binder Posts,17.22,3,7.9212,1.3,Medium,2013
2808,MX-2015-SC2069539-42360,22-12-2015,24-12-2015,2,First Class,SC-2069539,Steve Chapman,Corporate,Soyapango,San Salvador,El Salvador,Central America,LATAM,FUR-CH-4530,Furniture,Chairs,"Harbour Creations Executive Leather Armchair, Adjustable",1269.6,4,355.44,333.148,High,2015
29513,ID-2014-SN2056097-41896,14-09-2014,14-09-2014,0,Same Day,SN-2056097,Skye Norling,Home Office,Lahore,Punjab,Pakistan,Southern Asia,Asia Pacific,TEC-PH-3148,Technology,Phones,"Apple Smart Phone, Full Size",3499.155,11,-3009.435,333.1,Medium,2014
25671,ID-2014-CD122807-41646,07-01-2014,13-01-2014,6,Standard Class,CD-122807,Christina DeMoss,Consumer,Sydney,New South Wales,Australia,Oceania,Asia Pacific,FUR-TA-5059,Furniture,Tables,"Lesro Conference Table, Rectangular",2993.025,5,726.825,333.06,Medium,2014
14419,ES-2015-CC1210045-42182,27-06-2015,27-06-2015,0,Same Day,CC-1210045,Chad Cunningham,Home Office,Grenoble,Auvergne-Rhône-Alpes,France,Western Europe,Europe,TEC-CO-3595,Technology,Copiers,"Brother Fax Machine, Color",815.949,3,287.919,333.02,Critical,2015
17361,ES-2013-BG1103544-41468,13-07-2013,16-07-2013,3,Second Class,BG-1103544,Barry Gonzalez,Consumer,Espoo,Uusimaa,Finland,Northern Europe,Europe,TEC-MA-5502,Technology,Machines,"Okidata Inkjet, White",1245,4,161.76,332.96,Critical,2013
30082,IN-2015-CC125507-42046,11-02-2015,11-02-2015,0,Same Day,CC-125507,Clay Cheatham,Consumer,Whyalla,South Australia,Australia,Oceania,Asia Pacific,TEC-CO-3706,Technology,Copiers,"Canon Personal Copier, Laser",1027.728,8,182.688,332.2,Critical,2015
22207,IN-2015-AB101057-42153,29-05-2015,05-06-2015,7,Standard Class,AB-101057,Adrian Barton,Consumer,Adelaide,South Australia,Australia,Oceania,Asia Pacific,TEC-CO-3609,Technology,Copiers,"Brother Wireless Fax, Digital",1703.025,5,737.925,332.14,Low,2015
29552,IN-2015-SV2078559-42110,16-04-2015,18-04-2015,2,Second Class,SV-2078559,Stewart Visinsky,Consumer,Medan,Sumatera Utara,Indonesia,Southeastern Asia,Asia Pacific,OFF-ST-6049,Office Supplies,Storage,"Smead Lockers, Wire Frame",1803.0837,11,-130.3863,332.13,High,2015
17894,ES-2015-HW1493545-42335,27-11-2015,29-11-2015,2,First Class,HW-1493545,Helen Wasserman,Corporate,Ivry-sur-Seine,Ile-de-France,France,Western Europe,Europe,FUR-BO-5798,Furniture,Bookcases,"Safco Stackable Bookrack, Pine",676.485,5,195.285,330.51,Critical,2015
20583,IN-2012-AS1028558-41221,08-11-2012,10-11-2012,2,First Class,AS-1028558,Alejandro Savely,Corporate,Kanpur,Uttar Pradesh,India,Southern Asia,Asia Pacific,FUR-CH-5447,Furniture,Chairs,"Office Star Rocking Chair, Black",969.36,7,348.81,330.01,Critical,2012
13924,ES-2015-LD1685545-42265,18-09-2015,18-09-2015,0,Same Day,LD-1685545,Lela Donovan,Corporate,Saint-Laurent-du-Var,Provence-Alpes-Côte d'Azur,France,Western Europe,Europe,FUR-BO-3639,Furniture,Bookcases,"Bush Library with Doors, Metal",1637.01,5,90.81,329.73,High,2015
9294,MX-2015-NS1850528-42059,24-02-2015,27-02-2015,3,First Class,NS-1850528,Neola Schneider,Consumer,Cartagena,Bolívar,Colombia,South America,LATAM,TEC-CO-6010,Technology,Copiers,"Sharp Wireless Fax, Digital",1655.96144,7,13.20144,329.577,High,2015
4116,MX-2014-CM1271582-41885,03-09-2014,05-09-2014,2,First Class,CM-1271582,Craig Molinari,Corporate,Cancún,Quintana Roo,Mexico,Central America,LATAM,FUR-CH-5379,Furniture,Chairs,"Novimex Executive Leather Armchair, Black",976.96,4,232,328.659,Critical,2014
20795,IN-2014-VG2180527-41996,23-12-2014,25-12-2014,2,First Class,VG-2180527,Vivek Grady,Corporate,Harbin,Heilongjiang,China,Eastern Asia,Asia Pacific,FUR-BO-3641,Furniture,Bookcases,"Bush Library with Doors, Pine",731.34,2,175.5,328.35,Critical,2014
42763,GH-2015-JD606049-42172,17-06-2015,19-06-2015,2,First Class,JD-606049,Julia Dunbar,Consumer,Kumasi,Ashanti,Ghana,Western Africa,Africa,OFF-AP-4956,Office Supplies,Appliances,"KitchenAid Microwave, Black",1239,4,0,327.94,Critical,2015
26473,ID-2015-MG17680144-42078,15-03-2015,17-03-2015,2,Second Class,MG-17680144,Maureen Gastineau,Home Office,Ho Chi Minh City,Ho Chí Minh City,Vietnam,Southeastern Asia,Asia Pacific,FUR-CH-5378,Furniture,Chairs,"Novimex Executive Leather Armchair, Adjustable",1680.606,5,368.256,327.81,High,2015
27819,IN-2015-CD1228058-42197,12-07-2015,13-07-2015,1,First Class,CD-1228058,Christina DeMoss,Consumer,Delhi,Delhi,India,Southern Asia,Asia Pacific,FUR-BO-5763,Furniture,Bookcases,"Safco Classic Bookcase, Traditional",2190.75,5,65.7,327.55,Medium,2015
13350,ES-2015-DB13210139-42164,09-06-2015,12-06-2015,3,First Class,DB-13210139,Dean Braden,Consumer,London,England,United Kingdom,Northern Europe,Europe,TEC-MA-4206,Technology,Machines,"Epson Printer, Red",935.172,4,114.252,327.11,Critical,2015
16761,ES-2015-CS118608-42292,15-10-2015,17-10-2015,2,Second Class,CS-118608,Cari Schnelling,Consumer,Vienna,Vienna,Austria,Western Europe,Europe,OFF-ST-4057,Office Supplies,Storage,"Eldon File Cart, Single Width",1026.96,8,441.36,326.35,Critical,2015
21010,IN-2015-AF1088558-42222,06-08-2015,09-08-2015,3,Second Class,AF-1088558,Art Foster,Consumer,Salem,Tamil Nadu,India,Southern Asia,Asia Pacific,TEC-PH-3148,Technology,Phones,"Apple Smart Phone, Full Size",2550,4,280.44,326.32,High,2015
27825,ID-2013-BN11470130-41633,25-12-2013,28-12-2013,3,Second Class,BN-11470130,Brad Norvell,Corporate,Bangkok,Bangkok,Thailand,Southeastern Asia,Asia Pacific,TEC-PH-5267,Technology,Phones,"Motorola Smart Phone, Cordless",2667.537,5,-417.813,326.27,Medium,2013
17478,ES-2013-GG1465045-41615,07-12-2013,07-12-2013,0,Same Day,GG-1465045,Greg Guthrie,Corporate,Angers,Pays de la Loire,France,Western Europe,Europe,TEC-CO-4792,Technology,Copiers,"HP Wireless Fax, Laser",1224.714,4,-129.726,326.27,High,2013
19561,ES-2014-EM1406548-41775,16-05-2014,20-05-2014,4,Second Class,EM-1406548,Erin Mull,Consumer,Bremen,Bremen,Germany,Western Europe,Europe,TEC-PH-3805,Technology,Phones,"Cisco Smart Phone, Cordless",2605.92,4,1042.32,326.05,High,2014
44597,IR-2014-BS166560-41807,17-06-2014,18-06-2014,1,First Class,BS-166560,Brian Stugart,Consumer,Khorramabad,Lorestan,Iran,Southern Asia,Asia Pacific,OFF-ST-5700,Office Supplies,Storage,"Rogers Lockers, Blue",2962.68,14,207.06,325.93,Medium,2014
20408,IN-2015-AC1045058-42311,03-11-2015,07-11-2015,4,Standard Class,AC-1045058,Amy Cox,Consumer,Chennai,Tamil Nadu,India,Southern Asia,Asia Pacific,FUR-TA-4711,Furniture,Tables,"Hon Wood Table, Fully Assembled",2664,5,905.7,325.54,Medium,2015
12983,ES-2013-CK1220564-41422,28-05-2013,31-05-2013,3,First Class,CK-1220564,Chloris Kastensmidt,Consumer,Barletta,Apulia,Italy,Southern Europe,Europe,TEC-CO-4592,Technology,Copiers,"Hewlett Wireless Fax, High-Speed",1513.56,4,741.6,325.45,Critical,2013
13735,ES-2014-JD16150139-41868,17-08-2014,20-08-2014,3,Second Class,JD-16150139,Justin Deggeller,Corporate,Tamworth,England,United Kingdom,Northern Europe,Europe,FUR-BO-4848,Furniture,Bookcases,"Ikea Classic Bookcase, Metal",1233.63,3,234.36,325.32,Critical,2014
48022,UP-2012-CC2550137-41062,02-06-2012,04-06-2012,2,First Class,CC-2550137,Clay Cheatham,Consumer,Kharkiv,Kharkiv,Ukraine,Eastern Europe,Europe,FUR-TA-5059,Furniture,Tables,"Lesro Conference Table, Rectangular",855.15,1,384.81,325.04,Critical,2012
14389,IT-2012-MS17830139-41103,13-07-2012,14-07-2012,1,First Class,MS-17830139,Melanie Seite,Consumer,London,England,United Kingdom,Northern Europe,Europe,TEC-MA-5511,Technology,Machines,"Okidata Printer, Red",956.34,4,-95.7,324.98,Critical,2012
33287,CA-2013-AS10090140-41587,09-11-2013,13-11-2013,4,Standard Class,AS-100901402,Adam Shillingsburg,Consumer,Springfield,Missouri,United States,Central US,USCA,OFF-PA-6535,Office Supplies,Paper,Xerox 1978,17.34,3,8.4966,1.24,Medium,2013
10404,ES-2012-GT14710120-41198,16-10-2012,23-10-2012,7,Standard Class,GT-14710120,Greg Tran,Consumer,Barcelona,Catalonia,Spain,Southern Europe,Europe,FUR-CH-4654,Furniture,Chairs,"Hon Executive Leather Armchair, Adjustable",1838.52,5,160.77,324.09,Low,2012
20974,IN-2012-CL1270058-41226,13-11-2012,19-11-2012,6,Standard Class,CL-1270058,Craig Leslie,Home Office,Kulti,West Bengal,India,Southern Asia,Asia Pacific,TEC-PH-5268,Technology,Phones,"Motorola Smart Phone, Full Size",4498.83,7,674.73,323.75,Medium,2012
18458,ES-2015-MM1792045-42199,14-07-2015,18-07-2015,4,Second Class,MM-1792045,Michael Moore,Consumer,Le Mans,Pays de la Loire,France,Western Europe,Europe,TEC-PH-3805,Technology,Phones,"Cisco Smart Phone, Cordless",1824.144,8,-1303.056,321.54,High,2015
8295,MX-2015-CM1216093-42158,03-06-2015,05-06-2015,2,First Class,CM-1216093,Charles McCrossin,Consumer,Managua,Managua,Nicaragua,Central America,LATAM,FUR-BO-5762,Furniture,Bookcases,"Safco Classic Bookcase, Pine",2344,8,46.88,321.421,High,2015
22899,IN-2015-DB1306027-42353,15-12-2015,17-12-2015,2,Second Class,DB-1306027,Dave Brooks,Consumer,Mianyang,Sichuan,China,Eastern Asia,Asia Pacific,TEC-PH-5263,Technology,Phones,"Motorola Signal Booster, Cordless",2043.72,14,756,321.36,High,2015
50603,MZ-2015-JW522087-42183,28-06-2015,28-06-2015,0,Same Day,JW-522087,Jane Waco,Corporate,Maputo,Cidade De Maputo,Mozambique,Eastern Africa,Africa,OFF-ST-5708,Office Supplies,Storage,"Rogers Shelving, Wire Frame",856.8,14,265.44,321.23,Critical,2015
3904,US-2015-BN1147082-42358,20-12-2015,24-12-2015,4,Standard Class,BN-1147082,Brad Norvell,Corporate,Cadereyta,Nuevo León,Mexico,Central America,LATAM,OFF-AP-3872,Office Supplies,Appliances,"Cuisinart Stove, Black",2509.36,7,426.58,320.956,High,2015
29555,IN-2013-JC157757-41310,05-02-2013,08-02-2013,3,First Class,JC-157757,John Castell,Consumer,Bundaberg,Queensland,Australia,Oceania,Asia Pacific,FUR-CH-5378,Furniture,Chairs,"Novimex Executive Leather Armchair, Adjustable",819.936,2,191.316,320.92,Critical,2013
6826,MX-2012-HL1504093-40929,21-01-2012,27-01-2012,6,Standard Class,HL-1504093,Hunter Lopez,Consumer,Managua,Managua,Nicaragua,Central America,LATAM,FUR-TA-3764,Furniture,Tables,"Chromcraft Conference Table, Fully Assembled",2797.248,6,-0.072,320.376,Low,2012
5112,MX-2013-LH1690018-41489,03-08-2013,05-08-2013,2,First Class,LH-1690018,Lena Hernandez,Consumer,Valparaíso de Goiás,Goiás,Brazil,South America,LATAM,OFF-ST-6046,Office Supplies,Storage,"Smead Lockers, Blue",1455.08,11,261.8,320.29,Medium,2013
21391,ID-2015-DV1304559-42304,27-10-2015,31-10-2015,4,Second Class,DV-1304559,Darrin Van Huff,Corporate,Manado,Sulawesi Utara,Indonesia,Southeastern Asia,Asia Pacific,FUR-BO-5786,Furniture,Bookcases,"Safco Library with Doors, Mobile",2189.0898,6,541.3698,320.28,High,2015
28557,IN-2013-BT1153058-41331,26-02-2013,04-03-2013,6,Standard Class,BT-1153058,Bradley Talbott,Home Office,Muzaffarpur,Bihar,India,Southern Asia,Asia Pacific,FUR-TA-3344,Furniture,Tables,"Barricks Conference Table, Fully Assembled",5451.3,6,327.06,320.27,Medium,2013
43344,IR-2013-BM165060-41436,11-06-2013,12-06-2013,1,First Class,BM-165060,Brian Moss,Corporate,Kermanshah,Kermanshah,Iran,Southern Asia,Asia Pacific,TEC-PH-5269,Technology,Phones,"Motorola Smart Phone, with Caller ID",1291.08,2,296.94,319.58,Critical,2013
26889,IN-2012-MG1820558-40962,23-02-2012,26-02-2012,3,First Class,MG-1820558,Mitch Gastineau,Corporate,Thane,Maharashtra,India,Southern Asia,Asia Pacific,TEC-CO-4590,Technology,Copiers,"Hewlett Wireless Fax, Color",1526.52,4,732.72,319.53,High,2012
40953,CA-2012-AS10090140-41173,21-09-2012,28-09-2012,7,Standard Class,AS-100901406,Adam Shillingsburg,Consumer,New York City,New York,United States,Eastern US,USCA,OFF-BI-3729,Office Supplies,Binders,Cardinal Holdit Business Card Pockets,3.984,1,1.3944,1.22,Medium,2012
480,MX-2014-FC1424528-41840,20-07-2014,27-07-2014,7,Standard Class,FC-1424528,Frank Carlisle,Home Office,Piedecuesta,Santander,Colombia,South America,LATAM,FUR-CH-5442,Furniture,Chairs,"Office Star Executive Leather Armchair, Black",1869.72,6,205.56,318.169,Low,2014
9263,MX-2014-TT2122051-41727,29-03-2014,01-04-2014,3,Second Class,TT-2122051,Thomas Thornton,Consumer,Mixco,Guatemala,Guatemala,Central America,LATAM,FUR-BO-5968,Furniture,Bookcases,"Sauder Library with Doors, Pine",1815.24,7,471.94,318.08,High,2014
27724,IN-2015-CY1274558-42300,23-10-2015,25-10-2015,2,First Class,CY-1274558,Craig Yedwab,Corporate,Bangalore,Karnataka,India,Southern Asia,Asia Pacific,TEC-CO-4578,Technology,Copiers,"Hewlett Fax Machine, Laser",959.76,3,460.62,317.81,Critical,2015
4402,MX-2015-SJ2021582-42179,24-06-2015,26-06-2015,2,Second Class,SJ-2021582,Sarah Jordon,Consumer,Mexico City,Distrito Federal,Mexico,Central America,LATAM,TEC-PH-3806,Technology,Phones,"Cisco Smart Phone, Full Size",3045.84,7,1035.58,317.165,High,2015
5051,MX-2014-PB1880593-41942,30-10-2014,05-11-2014,6,Standard Class,PB-1880593,Patrick Bzostek,Home Office,Managua,Managua,Nicaragua,Central America,LATAM,TEC-PH-3148,Technology,Phones,"Apple Smart Phone, Full Size",2125,5,297.5,316.764,Low,2014
46653,CM-2013-BP123022-41621,13-12-2013,15-12-2013,2,First Class,BP-123022,Benjamin Patterson,Consumer,Yaounde,Centre,Cameroon,Central Africa,Africa,TEC-AC-5224,Technology,Accessories,"Memorex Router, Erganomic",976.08,4,292.8,316.66,Critical,2013
23634,IN-2014-RW1969027-41763,04-05-2014,06-05-2014,2,First Class,RW-1969027,Robert Waldorf,Consumer,Xiamen,Fujian,China,Eastern Asia,Asia Pacific,TEC-CO-3688,Technology,Copiers,"Canon Fax Machine, High-Speed",1266.36,4,265.92,316.59,High,2014
40954,CA-2012-AS10090140-41173,21-09-2012,28-09-2012,7,Standard Class,AS-100901406,Adam Shillingsburg,Consumer,New York City,New York,United States,Eastern US,USCA,OFF-AR-3285,Office Supplies,Art,"Avery Hi-Liter GlideStik Fluorescent Highlighter, Yellow Ink",13.04,4,5.7376,1.16,Medium,2012
48565,ZA-2012-DB3360146-41159,07-09-2012,09-09-2012,2,Second Class,DB-3360146,Dennis Bolton,Home Office,Kitwe,Copperbelt,Zambia,Eastern Africa,Africa,FUR-TA-3442,Furniture,Tables,"Bevis Wood Table, with Bottom Storage",2134.44,4,682.92,315.57,Critical,2012
10620,ES-2013-DK1315048-41386,22-04-2013,26-04-2013,4,Standard Class,DK-1315048,David Kendrick,Corporate,Berlin,Berlin,Germany,Western Europe,Europe,TEC-CO-3709,Technology,Copiers,"Canon Wireless Fax, High-Speed",4748.436,14,844.116,315.29,Medium,2013
49848,SF-2014-RW9540117-41942,30-10-2014,04-11-2014,5,Second Class,RW-9540117,Rick Wilson,Corporate,Cape Town,Western Cape,South Africa,Southern Africa,Africa,TEC-MA-5502,Technology,Machines,"Okidata Inkjet, White",1867.5,6,242.64,314.81,High,2014
22108,IN-2012-PS1904527-41014,15-04-2012,16-04-2012,1,First Class,PS-1904527,Penelope Sewall,Home Office,Jieyang,Guangdong,China,Eastern Asia,Asia Pacific,FUR-CH-5411,Furniture,Chairs,"Novimex Swivel Stool, Adjustable",1001.7,6,250.38,314.7,High,2012
37406,CA-2014-AS10090140-41894,12-09-2014,17-09-2014,5,Standard Class,AS-100901402,Adam Shillingsburg,Consumer,Chicago,Illinois,United States,Central US,USCA,OFF-BI-4884,Office Supplies,Binders,Insertable Tab Indexes For Data Binders,1.908,3,-3.2436,1.11,High,2014
40336,CA-2014-AB10105140-41991,18-12-2014,22-12-2014,4,Standard Class,AB-101051402,Adrian Barton,Consumer,Detroit,Michigan,United States,Central US,USCA,OFF-BI-4345,Office Supplies,Binders,GBC Ibimaster 500 Manual ProClick Binding System,9892.74,13,4946.37,498.7,Medium,2014
29593,IN-2015-MO1780066-42308,31-10-2015,04-11-2015,4,Standard Class,MO-1780066,Meg O'Connel,Home Office,Hamamatsu,Shizuoka,Japan,Eastern Asia,Asia Pacific,OFF-AP-3873,Office Supplies,Appliances,"Cuisinart Stove, Red",4306.32,8,1722.48,314.15,Medium,2015
24338,IN-2014-NF1847527-41741,12-04-2014,14-04-2014,2,First Class,NF-1847527,Neil Französisch,Home Office,Ningbo,Zhejiang,China,Eastern Asia,Asia Pacific,OFF-AP-3573,Office Supplies,Appliances,"Breville Microwave, White",899.55,3,323.82,313.71,Critical,2014
21510,IN-2014-MR1754558-41954,11-11-2014,11-11-2014,0,Same Day,MR-1754558,Mathew Reese,Home Office,Jodhpur,Rajasthan,India,Southern Asia,Asia Pacific,TEC-CO-3683,Technology,Copiers,"Canon Fax and Copier, Digital",763.92,4,381.96,313.66,Critical,2014
16814,IT-2013-CB1241548-41560,13-10-2013,17-10-2013,4,Standard Class,CB-1241548,Christy Brittain,Consumer,Weimar,Thuringia,Germany,Western Europe,Europe,TEC-PH-5355,Technology,Phones,"Nokia Smart Phone, Full Size",2544.24,4,1093.92,313.58,High,2013
30674,ID-2013-LC1705092-41560,13-10-2013,16-10-2013,3,Second Class,LC-1705092,Liz Carlisle,Consumer,Auckland,Auckland,New Zealand,Oceania,Asia Pacific,FUR-CH-4531,Furniture,Chairs,"Harbour Creations Executive Leather Armchair, Black",1136.664,4,-189.456,313.52,Critical,2013
27537,IN-2015-RA1988527-42034,30-01-2015,03-02-2015,4,Standard Class,RA-1988527,Ruben Ausman,Corporate,Beijing,Beijing,China,Eastern Asia,Asia Pacific,FUR-CH-5380,Furniture,Chairs,"Novimex Executive Leather Armchair, Red",2301,5,91.95,313.45,High,2015
43180,CG-2013-MG814533-41559,12-10-2013,16-10-2013,4,Second Class,MG-814533,Mike Gockenbach,Consumer,Lubumbashi,Katanga,Democratic Republic of the Congo,Central Africa,Africa,TEC-PH-3805,Technology,Phones,"Cisco Smart Phone, Cordless",3908.88,6,1563.48,313.31,Medium,2013
35208,CA-2015-AB10105140-42161,06-06-2015,07-06-2015,1,First Class,AB-101051402,Adrian Barton,Consumer,Pearland,Texas,United States,Central US,USCA,TEC-PH-5089,Technology,Phones,LG G3,470.376,3,52.9173,137.41,High,2015
33848,CA-2015-AB10105140-42328,20-11-2015,24-11-2015,4,Standard Class,AB-101051408,Adrian Barton,Consumer,Henderson,Kentucky,United States,Southern US,USCA,FUR-FU-2871,Furniture,Furnishings,"3M Polarizing Task Lamp with Clamp Arm, Light Gray",821.88,6,213.6888,83.56,Medium,2015
26224,ID-2014-EM1396058-41901,19-09-2014,23-09-2014,4,Standard Class,EM-1396058,Eric Murdock,Consumer,Nagpur,Maharashtra,India,Southern Asia,Asia Pacific,OFF-AP-3580,Office Supplies,Appliances,"Breville Stove, Silver",2249.16,4,224.88,311.14,High,2014
7454,MX-2013-DJ1342082-41639,31-12-2013,05-01-2014,5,Standard Class,DJ-1342082,Denny Joy,Corporate,Villahermosa,Tabasco,Mexico,Central America,LATAM,OFF-AP-4505,Office Supplies,Appliances,"Hamilton Beach Stove, Black",2528.26,7,176.96,310.748,High,2013
12080,ES-2015-CD1192045-42367,29-12-2015,31-12-2015,2,Second Class,CD-1192045,Carlos Daly,Consumer,Oyonnax,Auvergne-Rhône-Alpes,France,Western Europe,Europe,FUR-TA-5064,Furniture,Tables,"Lesro Round Table, Rectangular",1461.135,5,202.185,310.17,High,2015
3149,MX-2014-BO1142582-41958,15-11-2014,19-11-2014,4,Standard Class,BO-1142582,Bobby Odegard,Consumer,Metepec,México,Mexico,Central America,LATAM,TEC-PH-3806,Technology,Phones,"Cisco Smart Phone, Full Size",3045.84,7,1035.58,309.748,High,2014
35580,CA-2012-AB10105140-41262,19-12-2012,22-12-2012,3,First Class,AB-101051402,Adrian Barton,Consumer,Indianapolis,Indiana,United States,Central US,USCA,OFF-BI-4827,Office Supplies,Binders,Ibico Ibimaster 300 Manual Binding System,1103.97,3,496.7865,63.82,Medium,2012
36011,CA-2015-AB10105140-42143,19-05-2015,21-05-2015,2,First Class,AB-101051404,Adrian Barton,Consumer,Portland,Oregon,United States,Western US,USCA,TEC-PH-2879,Technology,Phones,Aastra 6757i CT Wireless VoIP phone,344.704,2,38.7792,48.59,Medium,2015
29277,ID-2015-KM16720102-42255,08-09-2015,11-09-2015,3,First Class,KM-16720102,Kunst Miller,Consumer,Manila,National Capital,Philippines,Southeastern Asia,Asia Pacific,FUR-BO-3626,Furniture,Bookcases,"Bush Classic Bookcase, Pine",2152.956,8,198.636,309.11,Medium,2015
12329,ES-2014-SV2078545-41807,17-06-2014,19-06-2014,2,First Class,SV-2078545,Stewart Visinsky,Consumer,Antony,Ile-de-France,France,Western Europe,Europe,TEC-AC-5136,Technology,Accessories,"Logitech Router, Programmable",1244.1,5,447.75,309,High,2014
4891,MX-2012-BG1169582-41250,07-12-2012,07-12-2012,0,Same Day,BG-1169582,Brooke Gillingham,Corporate,Culiacán,Sinaloa,Mexico,Central America,LATAM,FUR-CH-5773,Furniture,Chairs,"SAFCO Executive Leather Armchair, Adjustable",2226.816,9,500.976,308.658,High,2012
20557,IN-2015-CS121307-42266,19-09-2015,21-09-2015,2,Second Class,CS-121307,Chad Sievert,Consumer,Melbourne,Victoria,Australia,Oceania,Asia Pacific,FUR-BO-5761,Furniture,Bookcases,"Safco Classic Bookcase, Mobile",1586.412,4,17.532,307.98,High,2015
32706,US-2014-AB10105140-41908,26-09-2014,01-10-2014,5,Standard Class,AB-101051404,Adrian Barton,Consumer,Phoenix,Arizona,United States,Western US,USCA,FUR-TA-3412,Furniture,Tables,Bevis Boat-Shaped Conference Table,393.165,3,-204.4458,22.1,Medium,2014
42472,IZ-2015-BD163561-42045,10-02-2015,14-02-2015,4,Standard Class,BD-163561,Brian Derr,Consumer,Al Amarah,Maysan,Iraq,Western Asia,Asia Pacific,OFF-AP-4966,Office Supplies,Appliances,"KitchenAid Stove, Silver",3425.4,6,1233,307.83,High,2015
18030,ES-2015-RF19345120-42043,08-02-2015,11-02-2015,3,First Class,RF-19345120,Randy Ferguson,Corporate,Barcelona,Catalonia,Spain,Southern Europe,Europe,OFF-AP-4743,Office Supplies,Appliances,"Hoover Stove, Red",1136.94,2,568.44,307.43,High,2015
21339,ID-2014-JE1616559-41856,05-08-2014,07-08-2014,2,First Class,JE-1616559,Justin Ellison,Corporate,Jakarta,Jakarta,Indonesia,Southeastern Asia,Asia Pacific,FUR-BO-3642,Furniture,Bookcases,"Bush Library with Doors, Traditional",677.6352,2,211.2552,307.25,Critical,2014
45460,IR-2015-MG768060-42109,15-04-2015,18-04-2015,3,First Class,MG-768060,Maureen Gastineau,Home Office,Mashhad,Razavi Khorasan,Iran,Southern Asia,Asia Pacific,FUR-BO-3641,Furniture,Bookcases,"Bush Library with Doors, Pine",731.34,2,80.4,305.98,Critical,2015
40403,CA-2013-AB10105140-41585,07-11-2013,12-11-2013,5,Standard Class,AB-101051402,Adrian Barton,Consumer,Houston,Texas,United States,Central US,USCA,TEC-MA-3700,Technology,Machines,Canon PC170 Desktop Personal Copier,287.91,3,33.5895,18.31,Medium,2013
20424,IN-2015-CC1247558-42129,05-05-2015,07-05-2015,2,Second Class,CC-1247558,Cindy Chapman,Consumer,Bhavnagar,Gujarat,India,Southern Asia,Asia Pacific,TEC-CO-3596,Technology,Copiers,"Brother Fax Machine, Digital",1272.72,4,534.48,305.27,High,2015
14311,ES-2014-LT1676564-41947,04-11-2014,06-11-2014,2,Second Class,LT-1676564,Larry Tron,Consumer,Rome,Lazio,Italy,Southern Europe,Europe,OFF-AP-4732,Office Supplies,Appliances,"Hoover Microwave, Silver",1856.34,6,909.54,305.25,Critical,2014
17539,ES-2015-FH14365120-42165,10-06-2015,12-06-2015,2,First Class,FH-14365120,Fred Hopkins,Corporate,Palma de Mallorca,Balearic Islands,Spain,Southern Europe,Europe,TEC-PH-3148,Technology,Phones,"Apple Smart Phone, Full Size",2295,4,459,305.2,Medium,2015
11156,ES-2013-BF1097545-41517,31-08-2013,02-09-2013,2,Second Class,BF-1097545,Barbara Fisher,Corporate,Saint-Priest,Auvergne-Rhône-Alpes,France,Western Europe,Europe,TEC-PH-5354,Technology,Phones,"Nokia Smart Phone, Cordless",1622.1825,3,324.3825,305.16,Critical,2013
23192,IN-2014-CJ1201027-41810,20-06-2014,22-06-2014,2,Second Class,CJ-1201027,Caroline Jumper,Consumer,Anshan,Liaoning,China,Eastern Asia,Asia Pacific,TEC-PH-3802,Technology,Phones,"Cisco Signal Booster, VoIP",1063.44,7,361.41,304.95,Critical,2014
41919,HU-2015-SH997557-42239,23-08-2015,28-08-2015,5,Standard Class,SH-997557,Sally Hughsby,Corporate,Gyor,Gyor,Hungary,Eastern Europe,Europe,TEC-AC-5226,Technology,Accessories,"Memorex Router, USB",3449.88,14,275.94,304.75,Medium,2015
3700,US-2013-SL2015582-41422,28-05-2013,29-05-2013,1,First Class,SL-2015582,Sara Luxemburg,Home Office,Coyoacán,Distrito Federal,Mexico,Central America,LATAM,FUR-BO-4861,Furniture,Bookcases,"Ikea Library with Doors, Mobile",585.456,3,-0.024,304.53,Critical,2013
44276,LI-2015-NC834073-42143,19-05-2015,21-05-2015,2,Second Class,NC-834073,Nat Carroll,Consumer,Monrovia,Montserrado,Liberia,Western Africa,Africa,TEC-CO-6009,Technology,Copiers,"Sharp Wireless Fax, Color",1429.44,4,471.6,304.5,Critical,2015
43590,SF-2014-JB5400117-41758,29-04-2014,30-04-2014,1,First Class,JB-5400117,Jennifer Braxton,Corporate,Johannesburg,Gauteng,South Africa,Southern Africa,Africa,FUR-TA-4712,Furniture,Tables,"Hon Wood Table, Rectangular",1057.8,2,158.64,304.36,Critical,2014
20792,IN-2014-VG2180527-41996,23-12-2014,25-12-2014,2,First Class,VG-2180527,Vivek Grady,Corporate,Harbin,Heilongjiang,China,Eastern Asia,Asia Pacific,FUR-BO-3642,Furniture,Bookcases,"Bush Library with Doors, Traditional",1092.96,3,393.39,304.16,Critical,2014
5306,MX-2015-TB2125031-42289,12-10-2015,15-10-2015,3,First Class,TB-2125031,Tim Brockman,Consumer,Santiago de Cuba,Santiago de Cuba,Cuba,Caribbean,LATAM,FUR-TA-3760,Furniture,Tables,"Chromcraft Computer Table, Fully Assembled",1483,5,741.5,303.649,High,2015
764,MX-2015-PS1897028-42109,15-04-2015,17-04-2015,2,First Class,PS-1897028,Paul Stevenson,Home Office,Bogotá,Bogota,Colombia,South America,LATAM,OFF-AP-3872,Office Supplies,Appliances,"Cuisinart Stove, Black",1792.4,5,304.7,303.631,Critical,2015
14821,ES-2015-BB1154548-42336,28-11-2015,03-12-2015,5,Standard Class,BB-1154548,Brenda Bowman,Corporate,Erlangen,Bavaria,Germany,Western Europe,Europe,FUR-BO-5788,Furniture,Bookcases,"Safco Library with Doors, Traditional",2455.677,7,-191.163,303.59,High,2015
44182,GG-2013-SG1047047-41405,11-05-2013,13-05-2013,2,Second Class,SG-1047047,Sheri Gordon,Consumer,Tbilisi,Tbilisi,Georgia,Western Asia,Asia Pacific,TEC-CO-3597,Technology,Copiers,"Brother Fax Machine, High-Speed",1900.44,6,417.96,303.45,High,2013
23368,IN-2014-SP20920130-41808,18-06-2014,24-06-2014,6,Standard Class,SP-20920130,Susan Pistek,Consumer,Bangkok,Bangkok,Thailand,Southeastern Asia,Asia Pacific,TEC-PH-5839,Technology,Phones,"Samsung Smart Phone, Cordless",3712.59,7,849.87,302.99,Medium,2014
23419,IN-2013-NZ1856558-41398,04-05-2013,06-05-2013,2,Second Class,NZ-1856558,Nick Zandusky,Home Office,Jaipur,Rajasthan,India,Southern Asia,Asia Pacific,TEC-CO-3678,Technology,Copiers,"Canon Copy Machine, Color",2372.22,9,0,302.82,High,2013
27407,IN-2012-Dp1324027-41223,10-11-2012,14-11-2012,4,Standard Class,Dp-1324027,Dean percer,Home Office,Suzhou,Gansu,China,Eastern Asia,Asia Pacific,TEC-PH-5354,Technology,Phones,"Nokia Smart Phone, Cordless",5725.35,9,1602.99,302.61,Medium,2012
17215,ES-2015-GZ1447064-42362,24-12-2015,24-12-2015,0,Same Day,GZ-1447064,Gary Zandusky,Consumer,Reggio nell'Emilia,Emilia-Romagna,Italy,Southern Europe,Europe,FUR-BO-4862,Furniture,Bookcases,"Ikea Library with Doors, Pine",2553.18,7,842.52,302.55,Medium,2015
4570,MX-2015-AH1007582-42139,15-05-2015,19-05-2015,4,Standard Class,AH-1007582,Adam Hart,Corporate,Azcapotzalco,Distrito Federal,Mexico,Central America,LATAM,OFF-AP-4503,Office Supplies,Appliances,"Hamilton Beach Refrigerator, Silver",2003.52,6,861.48,302.477,High,2015
46523,PL-2015-CB2025103-42347,09-12-2015,12-12-2015,3,First Class,CB-2025103,Cassandra Brandow,Consumer,Lublin,Lublin,Poland,Eastern Europe,Europe,TEC-CO-5997,Technology,Copiers,"Sharp Fax Machine, Color",1188.36,4,95.04,302.14,High,2015
29496,IN-2012-SC200507-41249,06-12-2012,10-12-2012,4,Standard Class,SC-200507,Sample Company A,Home Office,Gold Coast,Queensland,Australia,Oceania,Asia Pacific,TEC-PH-5356,Technology,Phones,"Nokia Smart Phone, with Caller ID",2875.095,5,511.095,302.01,High,2012
11991,IT-2014-AM10705125-41892,10-09-2014,15-09-2014,5,Second Class,AM-10705125,Anne McFarland,Consumer,Zurich,Zürich,Switzerland,Western Europe,Europe,FUR-CH-4530,Furniture,Chairs,"Harbour Creations Executive Leather Armchair, Adjustable",2380.5,5,952.2,301.73,Medium,2014
42964,AL-2012-SC102302-40970,02-03-2012,04-03-2012,2,Second Class,SC-102302,Scot Coram,Corporate,Elbasan,Elbasan,Albania,Southern Europe,Europe,TEC-MA-6138,Technology,Machines,"StarTech Card Printer, White",1619.1,10,258.9,301.73,High,2012
29626,ID-2013-JS1559559-41275,01-01-2013,05-01-2013,4,Standard Class,JS-1559559,Jill Stevenson,Corporate,Medan,Sumatera Utara,Indonesia,Southeastern Asia,Asia Pacific,OFF-AP-4745,Office Supplies,Appliances,"Hoover Stove, White",2821.7178,6,339.8778,301.26,High,2013
23255,ID-2013-BS1138059-41577,30-10-2013,03-11-2013,4,Standard Class,BS-1138059,Bill Stewart,Corporate,Bandung,Jawa Barat,Indonesia,Southeastern Asia,Asia Pacific,TEC-CO-6009,Technology,Copiers,"Sharp Wireless Fax, Color",2991.1032,9,-128.7468,300.6,Medium,2013
28249,IN-2014-TC21295130-41962,19-11-2014,19-11-2014,0,Same Day,TC-21295130,Toby Carlisle,Consumer,Bangkok,Bangkok,Thailand,Southeastern Asia,Asia Pacific,OFF-AP-4505,Office Supplies,Appliances,"Hamilton Beach Stove, Black",1798.6764,4,86.6364,300.5,High,2014
50458,RS-2014-JL5130108-41866,15-08-2014,17-08-2014,2,Second Class,JL-5130108,Jack Lebron,Consumer,Voronezh,Voronezh,Russia,Eastern Europe,Europe,TEC-PH-3148,Technology,Phones,"Apple Smart Phone, Full Size",2544.84,4,712.44,299.4,Medium,2014
23257,IN-2014-Dp1324066-41798,08-06-2014,08-06-2014,0,Same Day,Dp-1324066,Dean percer,Home Office,Shimonoseki,Yamaguchi,Japan,Eastern Asia,Asia Pacific,FUR-CH-4532,Furniture,Chairs,"Harbour Creations Executive Leather Armchair, Red",951.72,2,228.36,299.12,High,2014
20612,IN-2015-NF1838511-42279,02-10-2015,06-10-2015,4,Standard Class,NF-1838511,Natalie Fritzler,Consumer,Dhaka,Dhaka,Bangladesh,Southern Asia,Asia Pacific,TEC-PH-5268,Technology,Phones,"Motorola Smart Phone, Full Size",2575.92,4,978.84,298.83,High,2015
11836,ES-2015-AS10090139-42062,27-02-2015,03-03-2015,4,Standard Class,AS-10090139,Adam Shillingsburg,Consumer,Huddersfield,England,United Kingdom,Northern Europe,Europe,OFF-AP-4745,Office Supplies,Appliances,"Hoover Stove, White",1699.83,3,84.96,298.77,High,2015
20455,IN-2014-EL137357-41943,31-10-2014,04-11-2014,4,Standard Class,EL-137357,Ed Ludwig,Home Office,Melbourne,Victoria,Australia,Oceania,Asia Pacific,FUR-BO-4861,Furniture,Bookcases,"Ikea Library with Doors, Mobile",2634.552,8,116.952,298.63,Medium,2014
20872,IN-2014-FH1427559-41991,18-12-2014,25-12-2014,7,Standard Class,FH-1427559,Frank Hawley,Corporate,Palu,Sulawesi Tengah,Indonesia,Southeastern Asia,Asia Pacific,FUR-BO-3904,Furniture,Bookcases,"Dania Library with Doors, Traditional",3707.352,11,1554.432,298.44,Medium,2014
20428,IN-2015-LT1676558-42133,09-05-2015,15-05-2015,6,Standard Class,LT-1676558,Larry Tron,Consumer,Imphal,Manipur,India,Southern Asia,Asia Pacific,FUR-TA-5057,Furniture,Tables,"Lesro Conference Table, Adjustable Height",4298.85,5,300.9,297.81,Low,2015
24422,IN-2015-BN1147027-42189,04-07-2015,08-07-2015,4,Standard Class,BN-1147027,Brad Norvell,Corporate,Shenyang,Liaoning,China,Eastern Asia,Asia Pacific,OFF-AP-4964,Office Supplies,Appliances,"KitchenAid Stove, Black",3417.48,6,854.28,297.2,Medium,2015
19814,ES-2013-BP11230120-41411,17-05-2013,21-05-2013,4,Standard Class,BP-11230120,Benjamin Patterson,Consumer,Barcelona,Catalonia,Spain,Southern Europe,Europe,OFF-AP-3576,Office Supplies,Appliances,"Breville Refrigerator, Silver",2080.32,4,561.6,296.98,High,2013
29718,IN-2012-DM1352558-41123,02-08-2012,05-08-2012,3,Second Class,DM-1352558,Don Miller,Corporate,Muzaffarpur,Bihar,India,Southern Asia,Asia Pacific,TEC-PH-5813,Technology,Phones,"Samsung Audio Dock, Full Size",840.6,5,319.35,296.68,Critical,2012
38269,CA-2015-AB10105140-42267,20-09-2015,26-09-2015,6,Standard Class,AB-101051404,Adrian Barton,Consumer,Phoenix,Arizona,United States,Western US,USCA,TEC-PH-5625,Technology,Phones,Polycom VoiceStation 500 Conference phone,471.92,2,29.495,16.71,Low,2015
48509,CD-2014-SM1032025-41684,14-02-2014,16-02-2014,2,Second Class,SM-1032025,Sean Miller,Home Office,Koumra,Mandoul,Chad,Central Africa,Africa,OFF-ST-6033,Office Supplies,Storage,"Smead File Cart, Single Width",1288.8,10,90,296.08,Critical,2014
30028,IN-2013-PM191357-41417,23-05-2013,23-05-2013,0,Same Day,PM-191357,Peter McVee,Home Office,Ballarat,Victoria,Australia,Oceania,Asia Pacific,FUR-BO-5971,Furniture,Bookcases,"Sauder Stackable Bookrack, Mobile",660.69,5,44.04,296.01,Critical,2013
43473,MW-2015-TS1143085-42220,04-08-2015,09-08-2015,5,Second Class,TS-1143085,Tom Stivers,Corporate,Podgorica,Podgorica,Montenegro,Southern Europe,Europe,OFF-AP-3874,Office Supplies,Appliances,"Cuisinart Stove, Silver",3234.24,6,970.2,295.74,Medium,2015
2006,MX-2014-TS2134018-41956,13-11-2014,18-11-2014,5,Standard Class,TS-2134018,Toby Swindell,Consumer,Ribeirão Preto,São Paulo,Brazil,South America,LATAM,TEC-PH-3806,Technology,Phones,"Cisco Smart Phone, Full Size",2171.3,5,390.8,294.971,High,2014
27780,IN-2015-AM107057-42047,12-02-2015,14-02-2015,2,Second Class,AM-107057,Anne McFarland,Consumer,Brisbane,Queensland,Australia,Oceania,Asia Pacific,TEC-AC-4186,Technology,Accessories,"Enermax Router, Erganomic",2074.734,9,276.534,294.73,Medium,2015
7054,MX-2015-LS1724582-42319,11-11-2015,14-11-2015,3,First Class,LS-1724582,Lynn Smith,Consumer,Zapopan,Jalisco,Mexico,Central America,LATAM,TEC-PH-5355,Technology,Phones,"Nokia Smart Phone, Full Size",849.8,2,195.44,294.566,Critical,2015
21344,IN-2014-DR129407-41728,30-03-2014,01-04-2014,2,First Class,DR-129407,Daniel Raglin,Home Office,Sydney,New South Wales,Australia,Oceania,Asia Pacific,FUR-BO-5951,Furniture,Bookcases,"Sauder Classic Bookcase, Traditional",1177.173,3,353.133,294.55,Medium,2014
40402,CA-2013-AB10105140-41585,07-11-2013,12-11-2013,5,Standard Class,AB-101051402,Adrian Barton,Consumer,Houston,Texas,United States,Central US,USCA,OFF-ST-4281,Office Supplies,Storage,Fellowes Recycled Storage Drawers,177.648,2,-28.8678,14.93,Medium,2013
38268,CA-2015-AB10105140-42267,20-09-2015,26-09-2015,6,Standard Class,AB-101051404,Adrian Barton,Consumer,Phoenix,Arizona,United States,Western US,USCA,TEC-AC-6076,Technology,Accessories,Sony Micro Vault Click 16 GB USB 2.0 Flash Drive,89.584,2,4.4792,12.35,Low,2015
21328,IN-2014-CM1181597-41870,19-08-2014,21-08-2014,2,Second Class,CM-1181597,Candace McMahon,Corporate,Lahore,Punjab,Pakistan,Southern Asia,Asia Pacific,TEC-PH-5841,Technology,Phones,"Samsung Smart Phone, VoIP",2863.08,9,-458.19,293.78,Medium,2014
11232,ES-2015-FG1426045-42153,29-05-2015,31-05-2015,2,Second Class,FG-1426045,Frank Gastineau,Home Office,Bordeaux,Aquitaine-Limousin-Poitou-Charentes,France,Western Europe,Europe,OFF-AP-3865,Office Supplies,Appliances,"Cuisinart Microwave, Red",1253.07,5,236.67,293.46,Critical,2015
47098,IR-2013-KN670560-41508,22-08-2013,29-08-2013,7,Standard Class,KN-670560,Kristina Nunn,Home Office,Hamadan,Hamadan,Iran,Southern Asia,Asia Pacific,OFF-AP-3579,Office Supplies,Appliances,"Breville Stove, Red",3369.24,6,606.42,293.12,Low,2013
48982,WA-2015-TB1152089-42190,05-07-2015,05-07-2015,0,Same Day,TB-1152089,Tracy Blumstein,Consumer,Windhoek,Khomas,Namibia,Southern Africa,Africa,TEC-AC-5224,Technology,Accessories,"Memorex Router, Erganomic",1464.12,6,439.2,293.07,High,2015
20230,IT-2013-GM1444091-41347,14-03-2013,17-03-2013,3,First Class,GM-1444091,Gary McGarr,Consumer,Eindhoven,North Brabant,Netherlands,Western Europe,Europe,FUR-BO-3903,Furniture,Bookcases,"Dania Library with Doors, Pine",1273.125,7,-993.195,291.93,High,2013
43099,CA-2015-AB10523-42139,15-05-2015,15-05-2015,0,Same Day,AB-10523,Adrian Barton,Consumer,Toronto,Ontario,Canada,Canada,USCA,OFF-AR-6111,Office Supplies,Art,"Stanley Highlighters, Easy-Erase",29.94,2,10.74,5.81,High,2015
2375,MX-2015-JB1540051-42263,16-09-2015,18-09-2015,2,First Class,JB-1540051,Jennifer Braxton,Corporate,Quetzaltenango,Quezaltenango,Guatemala,Central America,LATAM,TEC-CO-4592,Technology,Copiers,"Hewlett Wireless Fax, High-Speed",1258.7774,5,375.7774,291.631,High,2015
22855,IN-2015-JS1603097-42223,07-08-2015,12-08-2015,5,Standard Class,JS-1603097,Joy Smith,Consumer,Lahore,Punjab,Pakistan,Southern Asia,Asia Pacific,FUR-CH-5775,Furniture,Chairs,"SAFCO Executive Leather Armchair, Red",2584.008,7,290.598,291.06,Medium,2015
28076,IN-2014-AM10705102-41891,09-09-2014,09-09-2014,0,Same Day,AM-10705102,Anne McFarland,Consumer,Manila,National Capital,Philippines,Southeastern Asia,Asia Pacific,TEC-CO-3707,Technology,Copiers,"Canon Wireless Fax, Color",1482.39,6,68.31,290.69,High,2014
9435,MX-2015-SF2020039-42255,08-09-2015,11-09-2015,3,First Class,SF-2020039,Sarah Foster,Consumer,Antiguo Cuscatlán,La Libertad,El Salvador,Central America,LATAM,TEC-PH-5355,Technology,Phones,"Nokia Smart Phone, Full Size",1274.7,3,293.16,290.523,Critical,2015
40399,CA-2013-AB10105140-41585,07-11-2013,12-11-2013,5,Standard Class,AB-101051402,Adrian Barton,Consumer,Houston,Texas,United States,Central US,USCA,OFF-ST-4457,Office Supplies,Storage,"Gould Plastics 9-Pocket Panel Bin, 18-3/8w x 5-1/4d x 20-1/2h, Black",84.784,2,-16.9568,5.8,Medium,2013
6019,MX-2013-JF1529531-41564,17-10-2013,21-10-2013,4,Standard Class,JF-1529531,Jason Fortune-,Consumer,Guantánamo,Guantánamo,Cuba,Caribbean,LATAM,FUR-CH-5443,Furniture,Chairs,"Office Star Executive Leather Armchair, Red",2818.08,9,225.36,289.515,High,2013
24435,ID-2015-KH16510102-42052,17-02-2015,18-02-2015,1,First Class,KH-16510102,Keith Herrera,Consumer,Bacolod City,Western Visayas,Philippines,Southeastern Asia,Asia Pacific,FUR-CH-5441,Furniture,Chairs,"Office Star Executive Leather Armchair, Adjustable",1046.25,3,-111.6,289.32,High,2015
22711,IN-2013-DL1333058-41328,23-02-2013,28-02-2013,5,Standard Class,DL-1333058,Denise Leinenbach,Consumer,Nagpur,Maharashtra,India,Southern Asia,Asia Pacific,TEC-PH-5840,Technology,Phones,"Samsung Smart Phone, Full Size",3187.2,5,541.8,289.17,Medium,2013
21884,IN-2013-KN163907-41611,03-12-2013,10-12-2013,7,Standard Class,KN-163907,Katherine Nockton,Corporate,Kwinana,Western Australia,Australia,Oceania,Asia Pacific,FUR-CH-5378,Furniture,Chairs,"Novimex Executive Leather Armchair, Adjustable",4099.68,10,956.58,288.98,Medium,2013
23285,IN-2013-SV2093527-41620,12-12-2013,14-12-2013,2,First Class,SV-2093527,Susan Vittorini,Consumer,Wuxi,Jiangsu,China,Eastern Asia,Asia Pacific,OFF-ST-5691,Office Supplies,Storage,"Rogers File Cart, Blue",703.35,5,260.1,288.75,Critical,2013
20470,IN-2015-MD178607-42171,16-06-2015,21-06-2015,5,Standard Class,MD-178607,Michael Dominguez,Corporate,Sydney,New South Wales,Australia,Oceania,Asia Pacific,TEC-CO-3598,Technology,Copiers,"Brother Fax Machine, Laser",2293.488,8,509.568,288.63,High,2015
10558,ES-2013-LS1720045-41628,20-12-2013,22-12-2013,2,First Class,LS-1720045,Luke Schmidt,Corporate,Deuil-la-Barre,Ile-de-France,France,Western Europe,Europe,TEC-MA-6138,Technology,Machines,"StarTech Card Printer, White",1238.6115,9,14.4315,288.47,High,2013
4684,MX-2015-JM1586582-42137,13-05-2015,17-05-2015,4,Standard Class,JM-1586582,John Murray,Consumer,Zapopan,Jalisco,Mexico,Central America,LATAM,FUR-CH-4656,Furniture,Chairs,"Hon Executive Leather Armchair, Red",1715.056,7,300.076,288.103,High,2015
40504,CA-2015-AB10105140-42220,04-08-2015,08-08-2015,4,Standard Class,AB-101051402,Adrian Barton,Consumer,Bloomington,Illinois,United States,Central US,USCA,TEC-AC-4936,Technology,Accessories,Kensington K72356US Mouse-in-a-Box USB Desktop Mouse,39.816,3,7.4655,5.7,High,2015
31153,IN-2015-CM124457-42315,07-11-2015,11-11-2015,4,Standard Class,CM-124457,Chuck Magee,Consumer,Wollongong,New South Wales,Australia,Oceania,Asia Pacific,FUR-CH-4531,Furniture,Chairs,"Harbour Creations Executive Leather Armchair, Black",2841.66,6,852.48,287.24,High,2015
10458,IT-2014-SS20140104-41800,10-06-2014,14-06-2014,4,Standard Class,SS-20140104,Saphhira Shifley,Corporate,Lisbon,Lisboa,Portugal,Southern Europe,Europe,OFF-AP-4745,Office Supplies,Appliances,"Hoover Stove, White",3399.66,12,-3059.82,286.87,Medium,2014
29319,IN-2013-BW1111058-41404,10-05-2013,12-05-2013,2,First Class,BW-1111058,Bart Watters,Corporate,Jhansi,Uttar Pradesh,India,Southern Asia,Asia Pacific,TEC-MA-5014,Technology,Machines,"Konica Printer, Durable",1607.76,6,482.22,286.74,High,2013
20851,IN-2014-JE1561058-41895,13-09-2014,13-09-2014,0,Same Day,JE-1561058,Jim Epp,Corporate,Amravati,Maharashtra,India,Southern Asia,Asia Pacific,TEC-PH-5336,Technology,Phones,"Nokia Audio Dock, Full Size",840.15,5,260.4,286.67,Critical,2014
28704,IN-2014-GH1442527-41845,25-07-2014,28-07-2014,3,First Class,GH-1442527,Gary Hwang,Consumer,Wafangdian,Liaoning,China,Eastern Asia,Asia Pacific,FUR-BO-3891,Furniture,Bookcases,"Dania Classic Bookcase, Pine",1236.33,3,519.21,286.57,Medium,2014
25908,IN-2015-JK1609058-42288,11-10-2015,14-10-2015,3,Second Class,JK-1609058,Juliana Krohn,Consumer,Delhi,Delhi,India,Southern Asia,Asia Pacific,OFF-AP-4958,Office Supplies,Appliances,"KitchenAid Microwave, Silver",2488.56,8,348.24,286.53,High,2015
500,MX-2012-SM2032036-41234,21-11-2012,24-11-2012,3,First Class,SM-2032036,Sean Miller,Home Office,San Juan de la Maguana,San Juan,Dominican Republic,Caribbean,LATAM,OFF-AP-3570,Office Supplies,Appliances,"Breville Microwave, Black",1124.256,7,252.896,286.463,Critical,2012
40400,CA-2013-AB10105140-41585,07-11-2013,12-11-2013,5,Standard Class,AB-101051402,Adrian Barton,Consumer,Houston,Texas,United States,Central US,USCA,FUR-FU-6235,Furniture,Furnishings,Tenex Chairmats For Use with Hard Floors,64.96,5,-84.448,4.42,Medium,2013
6415,US-2015-GR1456082-42302,25-10-2015,25-10-2015,0,Same Day,GR-1456082,Georgia Rosenberg,Corporate,Mexico City,Distrito Federal,Mexico,Central America,LATAM,FUR-TA-5062,Furniture,Tables,"Lesro Round Table, Adjustable Height",726.72,3,-18.18,286.366,Critical,2015
36910,CA-2014-AB10105140-41672,02-02-2014,07-02-2014,5,Standard Class,AB-101051406,Adrian Barton,Consumer,New York City,New York,United States,Eastern US,USCA,OFF-ST-3360,Office Supplies,Storage,"Belkin 19"" Center-Weighted Shelf, Gray",117.96,2,5.898,4.17,Medium,2014
41520,MA-2014-DH367577-41926,14-10-2014,15-10-2014,1,First Class,DH-367577,Duane Huffman,Home Office,Antananarivo,Analamanga,Madagascar,Eastern Africa,Africa,TEC-MA-6148,Technology,Machines,"StarTech Printer, Red",1519.92,6,653.4,286.2,Critical,2014
50544,RS-2012-MM8280108-40953,14-02-2012,16-02-2012,2,Second Class,MM-8280108,Muhammed MacIntyre,Corporate,Ufa,Bashkortostan,Russia,Eastern Europe,Europe,TEC-CO-3686,Technology,Copiers,"Canon Fax Machine, Color",1279.32,4,319.8,286.19,Critical,2012
28702,IN-2015-SW2027558-42125,01-05-2015,01-05-2015,0,Same Day,SW-2027558,Scott Williamson,Consumer,Jamshedpur,Jharkhand,India,Southern Asia,Asia Pacific,FUR-CH-4545,Furniture,Chairs,"Harbour Creations Rocking Chair, Black",723.3,5,122.85,286.01,Critical,2015
42617,IR-2012-PM913560-40978,10-03-2012,12-03-2012,2,Second Class,PM-913560,Peter McVee,Home Office,Tehran,Tehran,Iran,Southern Asia,Asia Pacific,TEC-PH-5268,Technology,Phones,"Motorola Smart Phone, Full Size",642.69,1,244.2,285.83,Critical,2012
22628,IN-2013-GH144257-41489,03-08-2013,08-08-2013,5,Standard Class,GH-144257,Gary Hwang,Consumer,Bendigo,Victoria,Australia,Oceania,Asia Pacific,FUR-BO-3903,Furniture,Bookcases,"Dania Library with Doors, Pine",2619,8,232.68,285.65,High,2013
22166,ID-2013-JM1586597-41628,20-12-2013,23-12-2013,3,First Class,JM-1586597,John Murray,Consumer,Quetta,Baluchistan,Pakistan,Southern Asia,Asia Pacific,OFF-AP-4967,Office Supplies,Appliances,"KitchenAid Stove, White",1704.87,6,-1023.03,285.61,Critical,2013
14084,ES-2013-CM1211564-41489,03-08-2013,07-08-2013,4,Standard Class,CM-1211564,Chad McGuire,Consumer,Rovigo,Veneto,Italy,Southern Europe,Europe,TEC-CO-4765,Technology,Copiers,"HP Copy Machine, Color",1715.91,7,583.38,285.12,High,2013
22632,IN-2013-SC2084527-41445,20-06-2013,22-06-2013,2,First Class,SC-2084527,Sung Chung,Consumer,Shenyang,Liaoning,China,Eastern Asia,Asia Pacific,TEC-PH-5839,Technology,Phones,"Samsung Smart Phone, Cordless",1278,2,460.08,284.81,High,2013
47566,MO-2014-GP474086-41678,08-02-2014,09-02-2014,1,First Class,GP-474086,Guy Phonely,Corporate,Casablanca,Grand Casablanca,Morocco,North Africa,Africa,OFF-AP-4731,Office Supplies,Appliances,"Hoover Microwave, Red",1234.56,4,246.84,284.7,Critical,2014
20228,ES-2012-AF1087014-41179,27-09-2012,02-10-2012,5,Standard Class,AF-1087014,Art Ferguson,Consumer,Ghent,East Flanders,Belgium,Western Europe,Europe,OFF-AP-4738,Office Supplies,Appliances,"Hoover Refrigerator, White",4195.2,8,839.04,284.51,Medium,2012
15389,IT-2013-TS2150545-41448,23-06-2013,26-06-2013,3,Second Class,TS-2150545,Tony Sayre,Consumer,Boulogne-Billancourt,Ile-de-France,France,Western Europe,Europe,FUR-BO-5786,Furniture,Bookcases,"Safco Library with Doors, Mobile",1765.395,5,-98.205,284.19,High,2013
189,MX-2014-CR1273028-41993,20-12-2014,22-12-2014,2,First Class,CR-1273028,Craig Reiter,Consumer,Soacha,Cundinamarca,Colombia,South America,LATAM,FUR-TA-3420,Furniture,Tables,"Bevis Conference Table, Fully Assembled",1480.368,3,333.048,283.928,Medium,2014
6777,MX-2013-FH1436582-41558,11-10-2013,14-10-2013,3,First Class,FH-1436582,Fred Hopkins,Corporate,Puebla,Puebla,Mexico,Central America,LATAM,TEC-PH-3148,Technology,Phones,"Apple Smart Phone, Full Size",2968.98,7,89.04,283.685,Medium,2013
26986,ID-2012-BM115757-41149,28-08-2012,04-09-2012,7,Standard Class,BM-115757,Brendan Murry,Corporate,Brisbane,Queensland,Australia,Oceania,Asia Pacific,FUR-TA-5071,Furniture,Tables,"Lesro Wood Table, Adjustable Height",2301.138,7,-953.442,283.36,Low,2012
12764,ES-2015-AH100308-42203,18-07-2015,18-07-2015,0,Same Day,AH-100308,Aaron Hawkins,Corporate,Vienna,Vienna,Austria,Western Europe,Europe,FUR-BO-3640,Furniture,Bookcases,"Bush Library with Doors, Mobile",1100.52,3,352.08,283.25,Critical,2015
28750,IN-2012-AG1049527-41248,05-12-2012,12-12-2012,7,Standard Class,AG-1049527,Andrew Gjertsen,Corporate,Xiangtan,Hunan,China,Eastern Asia,Asia Pacific,TEC-CO-4790,Technology,Copiers,"HP Wireless Fax, Digital",2518.95,7,553.98,283.09,Medium,2012
12215,ES-2015-BN11470139-42110,16-04-2015,16-04-2015,0,Same Day,BN-11470139,Brad Norvell,Corporate,Dudley,England,United Kingdom,Northern Europe,Europe,FUR-BO-5778,Furniture,Bookcases,"Safco Floating Shelf Set, Mobile",996.3,5,119.55,282.58,Critical,2015
38270,CA-2015-AB10105140-42267,20-09-2015,26-09-2015,6,Standard Class,AB-101051404,Adrian Barton,Consumer,Phoenix,Arizona,United States,Western US,USCA,OFF-BI-5614,Office Supplies,Binders,Plastic Binding Combs,18.18,4,-13.938,3.26,Low,2015
42837,AU-2012-AG6758-41153,01-09-2012,01-09-2012,0,Same Day,AG-6758,Anna Gayman,Consumer,Vienna,Vienna,Austria,Western Europe,Europe,FUR-TA-4646,Furniture,Tables,"Hon Conference Table, Fully Assembled",922.95,1,341.49,282.09,Critical,2012
20009,ES-2014-SW2075545-41852,01-08-2014,02-08-2014,1,First Class,SW-2075545,Steven Ward,Corporate,Ris-Orangis,Ile-de-France,France,Western Europe,Europe,FUR-BO-4848,Furniture,Bookcases,"Ikea Classic Bookcase, Metal",1850.445,5,184.995,281.82,High,2014
2399,MX-2015-CS1246093-42259,12-09-2015,14-09-2015,2,First Class,CS-1246093,Chuck Sachs,Consumer,Managua,Managua,Nicaragua,Central America,LATAM,FUR-BO-5940,Furniture,Bookcases,"Sauder 3-Shelf Cabinet, Metal",664.56,6,6.6,281.743,Critical,2015
10787,ES-2015-SK1999045-42222,06-08-2015,07-08-2015,1,First Class,SK-1999045,Sally Knutson,Consumer,Levallois-Perret,Ile-de-France,France,Western Europe,Europe,TEC-AC-5896,Technology,Accessories,"SanDisk Router, Programmable",1547.1,6,340.2,280.54,Critical,2015
30273,IN-2015-MP18175144-42328,20-11-2015,23-11-2015,3,First Class,MP-18175144,Mike Pelletier,Home Office,Ho Chi Minh City,Ho Chí Minh City,Vietnam,Southeastern Asia,Asia Pacific,OFF-AP-4961,Office Supplies,Appliances,"KitchenAid Refrigerator, Red",2190.951,5,316.701,280.47,Medium,2015
2378,MX-2013-AG1090082-41398,04-05-2013,09-05-2013,5,Standard Class,AG-1090082,Arthur Gainer,Consumer,Mexico City,Distrito Federal,Mexico,Central America,LATAM,OFF-AP-4508,Office Supplies,Appliances,"Hamilton Beach Stove, White",3242.88,9,324.18,279.53,Medium,2013
47985,MO-2013-AJ96086-41513,27-08-2013,31-08-2013,4,Standard Class,AJ-96086,Astrea Jones,Consumer,Casablanca,Grand Casablanca,Morocco,North Africa,Africa,TEC-PH-5842,Technology,Phones,"Samsung Smart Phone, with Caller ID",2544.6,4,1246.8,279.11,High,2013
46433,UP-2014-MC7275137-41997,24-12-2014,29-12-2014,5,Second Class,MC-7275137,Marc Crier,Consumer,Luts'k,Volyn,Ukraine,Eastern Europe,Europe,TEC-PH-3806,Technology,Phones,"Cisco Smart Phone, Full Size",2605.56,4,573.12,278.98,Medium,2014
19915,IT-2014-JF15295120-41668,29-01-2014,31-01-2014,2,Second Class,JF-15295120,Jason Fortune-,Consumer,Madrid,Madrid,Spain,Southern Europe,Europe,OFF-ST-6033,Office Supplies,Storage,"Smead File Cart, Single Width",1271.457,11,-127.413,278.75,High,2014
43100,CA-2015-AB10523-42139,15-05-2015,15-05-2015,0,Same Day,AB-10523,Adrian Barton,Consumer,Toronto,Ontario,Canada,Canada,USCA,OFF-AR-5912,Office Supplies,Art,"Sanford Highlighters, Fluorescent",34.02,2,14.28,2.83,High,2015
45798,SA-2012-MM7260110-41269,26-12-2012,28-12-2012,2,Second Class,MM-7260110,Magdelene Morse,Consumer,Jizan,Jizan,Saudi Arabia,Western Asia,Asia Pacific,TEC-MA-6142,Technology,Machines,"StarTech Inkjet, Wireless",1207.56,4,0,278.34,Critical,2012
29802,IN-2013-EJ13720113-41608,30-11-2013,04-12-2013,4,Second Class,EJ-13720113,Ed Jacobs,Consumer,Singapore,Singapore,Singapore,Southeastern Asia,Asia Pacific,FUR-BO-3889,Furniture,Bookcases,"Dania Classic Bookcase, Metal",2051.1,5,40.95,278.13,High,2013
2645,MX-2014-MS1736539-41780,21-05-2014,23-05-2014,2,Second Class,MS-1736539,Maribeth Schnelling,Consumer,San Salvador,San Salvador,El Salvador,Central America,LATAM,TEC-PH-5355,Technology,Phones,"Nokia Smart Phone, Full Size",2544.24,6,992.16,277.925,High,2014
40398,CA-2013-AB10105140-41585,07-11-2013,12-11-2013,5,Standard Class,AB-101051402,Adrian Barton,Consumer,Houston,Texas,United States,Central US,USCA,OFF-AR-5156,Office Supplies,Art,Lumber Crayons,23.64,3,5.319,2.04,Medium,2013
11975,ES-2015-DH13675139-42182,27-06-2015,28-06-2015,1,First Class,DH-13675139,Duane Huffman,Home Office,Stoke-on-Trent,England,United Kingdom,Northern Europe,Europe,FUR-BO-5763,Furniture,Bookcases,"Safco Classic Bookcase, Traditional",1314.45,3,341.73,277.29,Medium,2015
38267,CA-2015-AB10105140-42267,20-09-2015,26-09-2015,6,Standard Class,AB-101051404,Adrian Barton,Consumer,Phoenix,Arizona,United States,Western US,USCA,OFF-ST-3078,Office Supplies,Storage,Akro Stacking Bins,12.624,2,-2.5248,1.94,Low,2015
7666,MX-2014-HE1480018-41845,25-07-2014,28-07-2014,3,First Class,HE-1480018,Harold Engle,Corporate,São Paulo,São Paulo,Brazil,South America,LATAM,FUR-TA-4647,Furniture,Tables,"Hon Conference Table, Rectangular",980.32,2,110.28,276.713,Medium,2014
33849,CA-2015-AB10105140-42328,20-11-2015,24-11-2015,4,Standard Class,AB-101051408,Adrian Barton,Consumer,Henderson,Kentucky,United States,Southern US,USCA,OFF-BI-4346,Office Supplies,Binders,GBC Imprintable Covers,21.96,2,10.7604,1.6,Medium,2015
23278,IN-2012-SB2017027-41208,26-10-2012,28-10-2012,2,Second Class,SB-2017027,Sarah Bern,Consumer,Huaibei,Anhui,China,Eastern Asia,Asia Pacific,FUR-BO-4851,Furniture,Bookcases,"Ikea Classic Bookcase, Traditional",2470.5,6,518.76,276.29,Medium,2012
40401,CA-2013-AB10105140-41585,07-11-2013,12-11-2013,5,Standard Class,AB-101051402,Adrian Barton,Consumer,Houston,Texas,United States,Central US,USCA,OFF-BI-3308,Office Supplies,Binders,Avery Recycled Flexi-View Covers for Binding Systems,32.06,10,-51.296,1.59,Medium,2013
30694,IN-2013-VT2170092-41634,26-12-2013,27-12-2013,1,First Class,VT-2170092,Valerie Takahito,Home Office,Masterton,Wellington,New Zealand,Oceania,Asia Pacific,FUR-BO-5949,Furniture,Bookcases,"Sauder Classic Bookcase, Mobile",877.02,2,105.24,275.91,Critical,2013
35579,CA-2012-AB10105140-41262,19-12-2012,22-12-2012,3,First Class,AB-101051402,Adrian Barton,Consumer,Indianapolis,Indiana,United States,Central US,USCA,OFF-LA-3206,Office Supplies,Labels,Avery 487,3.69,1,1.7343,1.39,Medium,2012
30581,IN-2013-BC1112592-41401,07-05-2013,10-05-2013,3,First Class,BC-1112592,Becky Castell,Home Office,Whangarei,Northland,New Zealand,Oceania,Asia Pacific,TEC-CO-4576,Technology,Copiers,"Hewlett Fax Machine, Digital",1917.36,6,747.72,275.57,Medium,2013
20626,IN-2012-NF1859527-40916,08-01-2012,12-01-2012,4,Second Class,NF-1859527,Nicole Fjeld,Home Office,Kunming,Yunnan,China,Eastern Asia,Asia Pacific,TEC-MA-5548,Technology,Machines,"Panasonic Inkjet, White",2173.5,7,260.82,275.52,Medium,2012
36955,CA-2014-AH10120140-41992,19-12-2014,22-12-2014,3,First Class,AH-101201404,Adrian Hane,Home Office,Salem,Oregon,United States,Western US,USCA,FUR-TA-4841,Furniture,Tables,"Iceberg OfficeWorks 42"" Round Tables",377.45,5,-264.215,55.53,Medium,2014
35948,CA-2015-AH10120140-42103,09-04-2015,13-04-2015,4,Standard Class,AH-101201404,Adrian Hane,Home Office,San Francisco,California,United States,Western US,USCA,OFF-PA-6497,Office Supplies,Paper,Xerox 1942,195.76,4,97.88,34.03,High,2015
16678,IT-2012-RB19330120-41077,17-06-2012,19-06-2012,2,Second Class,RB-19330120,Randy Bradley,Consumer,Pamplona,Navarra,Spain,Southern Europe,Europe,FUR-BO-4860,Furniture,Bookcases,"Ikea Library with Doors, Metal",1814.25,5,653.1,274.63,High,2012
18994,ES-2013-CS11950124-41283,09-01-2013,10-01-2013,1,First Class,CS-11950124,Carlos Soltero,Consumer,Haninge,Stockholm,Sweden,Northern Europe,Europe,OFF-AP-3577,Office Supplies,Appliances,"Breville Refrigerator, White",1293.675,5,-776.325,274.58,Critical,2013
17903,ES-2015-BW11110120-42046,11-02-2015,15-02-2015,4,Standard Class,BW-11110120,Bart Watters,Corporate,Oviedo,Asturias,Spain,Southern Europe,Europe,OFF-AP-3868,Office Supplies,Appliances,"Cuisinart Refrigerator, Black",2477.55,5,1040.55,273.88,High,2015
33399,CA-2012-AH10120140-41107,17-07-2012,17-07-2012,0,Same Day,AH-101201404,Adrian Hane,Home Office,Tucson,Arizona,United States,Western US,USCA,FUR-CH-5428,Furniture,Chairs,Office Star - Ergonomically Designed Knee Chair,259.136,4,-25.9136,31.15,High,2012
25276,IN-2013-LW1682558-41376,12-04-2013,14-04-2013,2,Second Class,LW-1682558,Laurel Workman,Corporate,Nasik,Maharashtra,India,Southern Asia,Asia Pacific,TEC-CO-4789,Technology,Copiers,"HP Wireless Fax, Color",723.3,2,332.7,273.63,Critical,2013
19882,ES-2015-RD19585120-42007,03-01-2015,04-01-2015,1,Same Day,RD-19585120,Rob Dowd,Consumer,Torrevieja,Valenciana,Spain,Southern Europe,Europe,TEC-CO-3681,Technology,Copiers,"Canon Copy Machine, Laser",2097.12,8,188.64,273.57,High,2015
35947,CA-2015-AH10120140-42103,09-04-2015,13-04-2015,4,Standard Class,AH-101201404,Adrian Hane,Home Office,San Francisco,California,United States,Western US,USCA,OFF-PA-6441,Office Supplies,Paper,Xerox 1891,244.55,5,114.9385,25.05,High,2015
20685,IN-2015-BT1168066-42351,13-12-2015,19-12-2015,6,Standard Class,BT-1168066,Brian Thompson,Consumer,Ube,Yamaguchi,Japan,Eastern Asia,Asia Pacific,OFF-AP-4508,Office Supplies,Appliances,"Hamilton Beach Stove, White",3242.88,6,421.56,271.59,Medium,2015
38992,CA-2015-AH10120140-42188,03-07-2015,06-07-2015,3,First Class,AH-101201402,Adrian Hane,Home Office,Houston,Texas,United States,Central US,USCA,OFF-PA-6361,Office Supplies,Paper,"White Dual Perf Computer Printout Paper, 2700 Sheets, 1 Part, Heavyweight, 20 lbs., 14 7/8 x 11",163.96,5,59.4355,17.38,Medium,2015
37710,CA-2015-AH10120140-42234,18-08-2015,24-08-2015,6,Standard Class,AH-101201408,Adrian Hane,Home Office,Louisville,Kentucky,United States,Southern US,USCA,TEC-AC-5097,Technology,Accessories,Logitech Desktop MK120 Mouse and keyboard Combo,98.16,6,9.816,13.93,Low,2015
16408,IT-2015-TB2117564-42284,07-10-2015,08-10-2015,1,First Class,TB-2117564,Thomas Boland,Corporate,Pozzuoli,Campania,Italy,Southern Europe,Europe,FUR-BO-5972,Furniture,Bookcases,"Sauder Stackable Bookrack, Pine",597.36,4,226.92,271.01,Critical,2015
43335,UP-2014-MD7860137-41810,20-06-2014,24-06-2014,4,Standard Class,MD-7860137,Michael Dominguez,Corporate,Poltava,Poltava,Ukraine,Eastern Europe,Europe,OFF-AP-4498,Office Supplies,Appliances,"Hamilton Beach Microwave, Red",3955.14,14,1383.9,270.65,High,2014
20959,IN-2015-JH1618059-42196,11-07-2015,14-07-2015,3,First Class,JH-1618059,Justin Hirsh,Consumer,Depok,Yogyakarta,Indonesia,Southeastern Asia,Asia Pacific,FUR-BO-3887,Furniture,Bookcases,"Dania 3-Shelf Cabinet, Pine",796.824,6,231.264,270.56,High,2015
13714,ES-2015-CC1214548-42118,24-04-2015,27-04-2015,3,Second Class,CC-1214548,Charles Crestani,Consumer,Regensburg,Bavaria,Germany,Western Europe,Europe,TEC-AC-4186,Technology,Accessories,"Enermax Router, Erganomic",2305.26,9,922.05,270.26,Medium,2015
3875,MX-2012-XP2186539-41032,03-05-2012,07-05-2012,4,Standard Class,XP-2186539,Xylona Preis,Consumer,Mejicanos,San Salvador,El Salvador,Central America,LATAM,FUR-TA-4713,Furniture,Tables,"Hon Wood Table, with Bottom Storage",2833.76,10,35.36,269.94,High,2012
23466,IN-2012-TS2137058-41187,05-10-2012,09-10-2012,4,Standard Class,TS-2137058,Todd Sumrall,Corporate,Visakhapatnam,Andhra Pradesh,India,Southern Asia,Asia Pacific,OFF-AP-3575,Office Supplies,Appliances,"Breville Refrigerator, Red",2077.32,4,581.64,269.89,Medium,2012
4452,MX-2015-ML1741031-42320,12-11-2015,16-11-2015,4,Standard Class,ML-1741031,Maris LaWare,Consumer,Camagüey,Camagüey,Cuba,Caribbean,LATAM,FUR-BO-3892,Furniture,Bookcases,"Dania Classic Bookcase, Traditional",1916.88,7,939.26,269.764,High,2015
1902,MX-2015-MY1829593-42355,17-12-2015,19-12-2015,2,First Class,MY-1829593,Muhammed Yedwab,Corporate,Matagalpa,Matagalpa,Nicaragua,Central America,LATAM,FUR-BO-3903,Furniture,Bookcases,"Dania Library with Doors, Pine",1212.5,5,606.2,269.525,Critical,2015
37709,CA-2015-AH10120140-42234,18-08-2015,24-08-2015,6,Standard Class,AH-101201408,Adrian Hane,Home Office,Louisville,Kentucky,United States,Southern US,USCA,OFF-BI-4358,Office Supplies,Binders,GBC Prestige Therm-A-Bind Covers,102.93,3,48.3771,10.69,Low,2015
14178,ES-2014-BS1166545-41734,05-04-2014,08-04-2014,3,First Class,BS-1166545,Brian Stugart,Consumer,Clamart,Ile-de-France,France,Western Europe,Europe,TEC-PH-3147,Technology,Phones,"Apple Smart Phone, Cordless",1622.565,3,133.605,268.19,Medium,2014
30313,IN-2015-NL1831092-42266,19-09-2015,19-09-2015,0,Same Day,NL-1831092,Nancy Lomonaco,Home Office,Christchurch,Canterbury,New Zealand,Oceania,Asia Pacific,TEC-CO-3706,Technology,Copiers,"Canon Personal Copier, Laser",856.44,6,222.66,268.13,Critical,2015
36951,CA-2014-AH10120140-41992,19-12-2014,22-12-2014,3,First Class,AH-101201404,Adrian Hane,Home Office,Salem,Oregon,United States,Western US,USCA,OFF-BI-6345,Office Supplies,Binders,Vinyl Sectional Post Binders,45.24,4,-30.16,7.16,Medium,2014
12075,IT-2015-CA1196548-42195,10-07-2015,14-07-2015,4,Second Class,CA-1196548,Carol Adams,Corporate,Garbsen,Lower Saxony,Germany,Western Europe,Europe,FUR-BO-5942,Furniture,Bookcases,"Sauder 3-Shelf Cabinet, Pine",1361.043,9,196.533,268.04,High,2015
24075,IN-2015-QJ1925527-42283,06-10-2015,12-10-2015,6,Standard Class,QJ-1925527,Quincy Jones,Corporate,Jixi,Heilongjiang,China,Eastern Asia,Asia Pacific,TEC-CO-3709,Technology,Copiers,"Canon Wireless Fax, High-Speed",3391.74,9,271.08,267.93,Medium,2015
6989,MX-2014-RE1945036-41791,01-06-2014,07-06-2014,6,Standard Class,RE-1945036,Richard Eichhorn,Consumer,Santo Domingo,Santo Domingo,Dominican Republic,Caribbean,LATAM,TEC-PH-5841,Technology,Phones,"Samsung Smart Phone, VoIP",2375.296,7,-207.844,267.784,Low,2014
47262,SF-2013-CP2085117-41506,20-08-2013,22-08-2013,2,First Class,CP-2085117,Cathy Prescott,Corporate,Potchefstroom,North-West,South Africa,Southern Africa,Africa,FUR-BO-5972,Furniture,Bookcases,"Sauder Stackable Bookrack, Pine",889.02,6,320.04,267.64,Critical,2013
48487,RS-2012-JK5730108-41150,29-08-2012,29-08-2012,0,Same Day,JK-5730108,Joe Kamberova,Consumer,Vladimir,Vladimir,Russia,Eastern Europe,Europe,FUR-TA-3759,Furniture,Tables,"Chromcraft Computer Table, Adjustable Height",1782.48,4,873.36,266.4,High,2012
14902,ES-2013-HZ1495045-41612,04-12-2013,05-12-2013,1,First Class,HZ-1495045,Henia Zydlo,Consumer,Bordeaux,Aquitaine-Limousin-Poitou-Charentes,France,Western Europe,Europe,TEC-CO-4568,Technology,Copiers,"Hewlett Copy Machine, Color",667.7685,3,274.9185,266.02,Critical,2013
23910,ID-2015-AR105707-42290,13-10-2015,18-10-2015,5,Standard Class,AR-105707,Anemone Ratner,Consumer,Perth,Western Australia,Australia,Oceania,Asia Pacific,TEC-CO-4791,Technology,Copiers,"HP Wireless Fax, High-Speed",1612.845,5,394.245,266,High,2015
17770,IT-2014-EH14005120-41992,19-12-2014,21-12-2014,2,Second Class,EH-14005120,Erica Hernandez,Home Office,Burgos,Castile and León,Spain,Southern Europe,Europe,OFF-ST-6248,Office Supplies,Storage,"Tenex File Cart, Single Width",845.208,7,-9.492,265.85,Critical,2014
21505,IN-2013-JR1570058-41441,16-06-2013,22-06-2013,6,Standard Class,JR-1570058,Jocasta Rupert,Consumer,Kollam,Kerala,India,Southern Asia,Asia Pacific,OFF-AP-4958,Office Supplies,Appliances,"KitchenAid Microwave, Silver",2799.63,9,391.77,265.46,Medium,2013
27612,IN-2014-PL1892588-41871,20-08-2014,20-08-2014,0,Same Day,PL-1892588,Paul Lucas,Home Office,Yangon,Yangon,Myanmar (Burma),Southeastern Asia,Asia Pacific,OFF-AP-4958,Office Supplies,Appliances,"KitchenAid Microwave, Silver",1549.1286,6,-56.1114,265.14,Critical,2014
5957,MX-2013-TC2114582-41446,21-06-2013,25-06-2013,4,Standard Class,TC-2114582,Theresa Coyne,Corporate,Mexico City,Distrito Federal,Mexico,Central America,LATAM,TEC-PH-5842,Technology,Phones,"Samsung Smart Phone, with Caller ID",1696.4,4,67.84,264.888,High,2013
9316,MX-2013-DG1330082-41417,23-05-2013,25-05-2013,2,First Class,DG-1330082,Deirdre Greer,Corporate,Mexico City,Distrito Federal,Mexico,Central America,LATAM,OFF-AP-4500,Office Supplies,Appliances,"Hamilton Beach Microwave, White",935.5,5,168.3,264.428,Medium,2013
14608,ES-2014-LW1699045-41759,30-04-2014,03-05-2014,3,First Class,LW-1699045,Lindsay Williams,Corporate,Bondy,Ile-de-France,France,Western Europe,Europe,TEC-MA-5016,Technology,Machines,"Konica Printer, White",2036.8125,9,359.3025,263.82,Medium,2014
13059,ES-2013-Dl1360045-41440,15-06-2013,15-06-2013,0,Same Day,Dl-1360045,Dorris liebe,Corporate,Mont-de-Marsan,Aquitaine-Limousin-Poitou-Charentes,France,Western Europe,Europe,TEC-AC-5135,Technology,Accessories,"Logitech Router, Erganomic",980.52,4,176.4,263.71,High,2013
36952,CA-2014-AH10120140-41992,19-12-2014,22-12-2014,3,First Class,AH-101201404,Adrian Hane,Home Office,Salem,Oregon,United States,Western US,USCA,OFF-AR-5289,Office Supplies,Art,Newell 312,18.688,4,2.336,4.12,Medium,2014
14707,ES-2014-SC2009545-41991,18-12-2014,22-12-2014,4,Standard Class,SC-2009545,Sanjit Chand,Consumer,Lyon,Auvergne-Rhône-Alpes,France,Western Europe,Europe,TEC-CO-4767,Technology,Copiers,"HP Copy Machine, Laser",1654.644,8,681.204,263.47,High,2014
26873,ID-2015-EB1393059-42206,21-07-2015,25-07-2015,4,Standard Class,EB-1393059,Eric Barreto,Consumer,Depok,Jawa Barat,Indonesia,Southeastern Asia,Asia Pacific,FUR-CH-4530,Furniture,Chairs,"Harbour Creations Executive Leather Armchair, Adjustable",2063.7684,6,141.1884,263.01,High,2015
47567,MO-2014-GP474086-41678,08-02-2014,09-02-2014,1,First Class,GP-474086,Guy Phonely,Corporate,Casablanca,Grand Casablanca,Morocco,North Africa,Africa,TEC-PH-3786,Technology,Phones,"Cisco Audio Dock, VoIP",1457.28,8,568.32,262.66,Critical,2014
23277,IN-2012-SB2017027-41208,26-10-2012,28-10-2012,2,Second Class,SB-2017027,Sarah Bern,Consumer,Huaibei,Anhui,China,Eastern Asia,Asia Pacific,TEC-CO-4765,Technology,Copiers,"HP Copy Machine, Color",1693.23,7,829.5,262.52,Medium,2012
36957,CA-2014-AH10120140-41992,19-12-2014,22-12-2014,3,First Class,AH-101201404,Adrian Hane,Home Office,Salem,Oregon,United States,Western US,USCA,TEC-PH-5163,Technology,Phones,Macally Suction Cup Mount,28.68,3,-7.17,3.1,Medium,2014
6479,MX-2014-SM2000518-41696,26-02-2014,01-03-2014,3,First Class,SM-2000518,Sally Matthias,Consumer,Santo André,São Paulo,Brazil,South America,LATAM,FUR-TA-3761,Furniture,Tables,"Chromcraft Computer Table, Rectangular",1411.2,6,405.72,262.111,Medium,2014
11765,IT-2012-JR1567048-41238,25-11-2012,29-11-2012,4,Standard Class,JR-1567048,Jim Radford,Consumer,Menden,North Rhine-Westphalia,Germany,Western Europe,Europe,OFF-AP-4745,Office Supplies,Appliances,"Hoover Stove, White",2039.796,4,-113.364,262.11,High,2012
25263,IN-2013-CM1216027-41506,20-08-2013,24-08-2013,4,Standard Class,CM-1216027,Charles McCrossin,Consumer,Beijing,Beijing,China,Eastern Asia,Asia Pacific,TEC-PH-3148,Technology,Phones,"Apple Smart Phone, Full Size",5737.5,9,630.99,261.87,Medium,2013
21794,IN-2013-DL129257-41418,24-05-2013,28-05-2013,4,Standard Class,DL-129257,Daniel Lacy,Consumer,Wollongong,New South Wales,Australia,Oceania,Asia Pacific,TEC-CO-3587,Technology,Copiers,"Brother Copy Machine, Color",1641.087,7,473.907,261.52,High,2013
8859,MX-2012-FM1429065-41216,03-11-2012,07-11-2012,4,Standard Class,FM-1429065,Frank Merwin,Home Office,Spanish Town,Saint Catherine,Jamaica,Caribbean,LATAM,FUR-BO-4849,Furniture,Bookcases,"Ikea Classic Bookcase, Mobile",1380.9,5,303.7,261.262,High,2012
27261,IN-2012-DP1316558-41173,21-09-2012,26-09-2012,5,Second Class,DP-1316558,David Philippe,Consumer,Thane,Maharashtra,India,Southern Asia,Asia Pacific,TEC-PH-5839,Technology,Phones,"Samsung Smart Phone, Cordless",1917,3,690.12,261.08,High,2012
30515,IN-2014-CK1259592-41929,17-10-2014,19-10-2014,2,Second Class,CK-1259592,Clytie Kelty,Consumer,Taupo,Waikato,New Zealand,Oceania,Asia Pacific,FUR-BO-4851,Furniture,Bookcases,"Ikea Classic Bookcase, Traditional",823.5,2,172.92,260.6,Critical,2014
36954,CA-2014-AH10120140-41992,19-12-2014,22-12-2014,3,First Class,AH-101201404,Adrian Hane,Home Office,Salem,Oregon,United States,Western US,USCA,TEC-AC-6078,Technology,Accessories,Sony Micro Vault Click 8 GB USB 2.0 Flash Drive,112.776,3,-8.4582,2.56,Medium,2014
26538,IN-2014-GM1444027-41795,05-06-2014,09-06-2014,4,Standard Class,GM-1444027,Gary McGarr,Consumer,Fengcheng,Liaoning,China,Eastern Asia,Asia Pacific,TEC-PH-5842,Technology,Phones,"Samsung Smart Phone, with Caller ID",3180.75,5,1081.35,260.29,Medium,2014
14619,ES-2014-CM1183045-41773,14-05-2014,16-05-2014,2,Second Class,CM-1183045,Cari MacIntyre,Corporate,Vernon,Normandy,France,Western Europe,Europe,TEC-MA-5502,Technology,Machines,"Okidata Inkjet, White",2910.1875,11,-68.7225,259.97,High,2014
36956,CA-2014-AH10120140-41992,19-12-2014,22-12-2014,3,First Class,AH-101201404,Adrian Hane,Home Office,Salem,Oregon,United States,Western US,USCA,OFF-LA-3327,Office Supplies,Labels,Avery White Multi-Purpose Labels,15.936,4,5.1792,2.36,Medium,2014
38993,CA-2015-AH10120140-42188,03-07-2015,06-07-2015,3,First Class,AH-101201402,Adrian Hane,Home Office,Houston,Texas,United States,Central US,USCA,OFF-BI-6393,Office Supplies,Binders,Wilson Jones Four-Pocket Poly Binders,5.232,4,-8.1096,1.74,Medium,2015
28515,IN-2014-MM1726027-41933,21-10-2014,24-10-2014,3,Second Class,MM-1726027,Magdelene Morse,Consumer,Tianjin,Tianjin,China,Eastern Asia,Asia Pacific,TEC-PH-3787,Technology,Phones,"Cisco Audio Dock, with Caller ID",910.35,5,391.35,259.57,Critical,2014
16022,ES-2015-ME17320139-42227,11-08-2015,14-08-2015,3,First Class,ME-17320139,Maria Etezadi,Home Office,Stoke-on-Trent,England,United Kingdom,Northern Europe,Europe,FUR-TA-5055,Furniture,Tables,"Lesro Computer Table, Fully Assembled",856.68,2,274.08,259.34,Critical,2015
1117,MX-2014-CS1249082-41763,04-05-2014,08-05-2014,4,Standard Class,CS-1249082,Cindy Schnelling,Corporate,Chihuahua,Chihuahua,Mexico,Central America,LATAM,FUR-CH-5776,Furniture,Chairs,"SAFCO Executive Leather Armchair, Set of Two",1731.072,7,-238.028,259.249,High,2014
15203,IT-2014-GH14410120-41835,15-07-2014,15-07-2014,0,Same Day,GH-14410120,Gary Hansen,Home Office,Elx,Valenciana,Spain,Southern Europe,Europe,TEC-PH-5359,Technology,Phones,"Nokia Speaker Phone, VoIP",1330.992,12,-103.608,259.12,Critical,2014
36953,CA-2014-AH10120140-41992,19-12-2014,22-12-2014,3,First Class,AH-101201404,Adrian Hane,Home Office,Salem,Oregon,United States,Western US,USCA,OFF-PA-3507,Office Supplies,Paper,"Black Print Carbonless 8 1/2"" x 8 1/4"" Rapid Memo Book",11.648,2,3.7856,1.52,Medium,2014
7903,MX-2015-MC1763536-42340,02-12-2015,06-12-2015,4,Second Class,MC-1763536,Matthew Clasen,Corporate,Santa Cruz de Barahona,Barahona,Dominican Republic,Caribbean,LATAM,TEC-AC-5894,Technology,Accessories,"SanDisk Router, Bluetooth",1914.08,14,669.76,258.96,Medium,2015
1500,MX-2015-VT2170018-42012,08-01-2015,13-01-2015,5,Standard Class,VT-2170018,Valerie Takahito,Home Office,Brasília,Federal District,Brazil,South America,LATAM,TEC-PH-3148,Technology,Phones,"Apple Smart Phone, Full Size",3393.12,8,101.76,258.835,Medium,2015
40178,CA-2014-AH10120140-41821,01-07-2014,04-07-2014,3,Second Class,AH-101201402,Adrian Hane,Home Office,Aurora,Illinois,United States,Central US,USCA,TEC-AC-4945,Technology,Accessories,Kingston Digital DataTraveler 16GB USB 2.0,50.12,7,-0.6265,1.34,Medium,2014
24382,IN-2015-SJ2021527-42182,27-06-2015,27-06-2015,0,Same Day,SJ-2021527,Sarah Jordon,Consumer,Lanzhou,Gansu,China,Eastern Asia,Asia Pacific,TEC-CO-4789,Technology,Copiers,"HP Wireless Fax, Color",1446.6,4,665.4,258.02,High,2015
25242,IN-2012-CD1192027-40979,11-03-2012,16-03-2012,5,Standard Class,CD-1192027,Carlos Daly,Consumer,Shanghai,Shanghai,China,Eastern Asia,Asia Pacific,FUR-CH-5442,Furniture,Chairs,"Office Star Executive Leather Armchair, Black",3272.01,7,1537.83,257.63,Medium,2012
26410,ID-2014-TA21385102-41654,15-01-2014,21-01-2014,6,Standard Class,TA-21385102,Tom Ashbrook,Home Office,Manila,National Capital,Philippines,Southeastern Asia,Asia Pacific,OFF-AP-4744,Office Supplies,Appliances,"Hoover Stove, Silver",3386.859,7,-597.681,257.24,Low,2014
29849,IN-2013-DP131057-41514,28-08-2013,02-09-2013,5,Second Class,DP-131057,Dave Poirier,Corporate,Alice Springs,Northern Territory,Australia,Oceania,Asia Pacific,OFF-AP-4959,Office Supplies,Appliances,"KitchenAid Microwave, White",2498.526,9,499.446,257.16,Medium,2013
18210,ES-2012-DJ88887148-41231,18-11-2012,20-11-2012,2,Second Class,DJ-88887148,Denny Joy,Corporate,Athens,Attica,Greece,Southern Europe,Europe,TEC-PH-5248,Technology,Phones,"Motorola Audio Dock, VoIP",728.532,7,-133.728,257.16,Critical,2012
50691,QA-2015-LM7065105-42362,24-12-2015,28-12-2015,4,Standard Class,LM-7065105,Liz MacKendrick,Consumer,Doha,Ad Dawhah,Qatar,Western Asia,Asia Pacific,TEC-PH-5268,Technology,Phones,"Motorola Smart Phone, Full Size",2575.92,4,772.68,256.87,High,2015
12118,ES-2013-AR1051064-41441,16-06-2013,20-06-2013,4,Standard Class,AR-1051064,Andrew Roberts,Consumer,Velletri,Lazio,Italy,Southern Europe,Europe,FUR-BO-3639,Furniture,Bookcases,"Bush Library with Doors, Metal",2546.46,7,381.78,256.7,High,2013
28213,IN-2014-JH1591066-41831,11-07-2014,15-07-2014,4,Standard Class,JH-1591066,Jonathan Howell,Consumer,Matsubara,Oita,Japan,Eastern Asia,Asia Pacific,FUR-BO-3627,Furniture,Bookcases,"Bush Classic Bookcase, Traditional",2888.76,7,173.25,256.64,Medium,2014
20417,IN-2013-PC1900078-41416,22-05-2013,25-05-2013,3,Second Class,PC-1900078,Pauline Chand,Home Office,Kuantan,Pahang,Malaysia,Southeastern Asia,Asia Pacific,TEC-AC-5896,Technology,Accessories,"SanDisk Router, Programmable",1031.4,4,185.64,256.26,High,2013
17364,ES-2015-CM12235139-42221,05-08-2015,09-08-2015,4,Standard Class,CM-12235139,Chris McAfee,Consumer,Gloucester,England,United Kingdom,Northern Europe,Europe,TEC-PH-3800,Technology,Phones,"Cisco Signal Booster, Cordless",1237.44,8,74.16,255.92,High,2015
41913,CG-2015-DK337533-42228,12-08-2015,15-08-2015,3,Second Class,DK-337533,Dennis Kane,Consumer,Kinshasa,Kinshasa,Democratic Republic of the Congo,Central Africa,Africa,TEC-MA-6149,Technology,Machines,"StarTech Printer, White",1018.32,4,183.24,255.69,Critical,2015
14722,ES-2013-NM18520120-41634,26-12-2013,28-12-2013,2,Second Class,NM-18520120,Neoma Murray,Consumer,Vigo,Galicia,Spain,Southern Europe,Europe,OFF-SU-3001,Office Supplies,Supplies,"Acme Trimmer, Easy Grip",600.6,13,131.82,255.57,Critical,2013
18760,ES-2014-EG1390045-41644,05-01-2014,10-01-2014,5,Standard Class,EG-1390045,Emily Grady,Consumer,Puteaux,Ile-de-France,France,Western Europe,Europe,FUR-BO-5760,Furniture,Bookcases,"Safco Classic Bookcase, Metal",2756.943,7,1163.883,255.56,Medium,2014
20826,ID-2015-AH100757-42367,29-12-2015,31-12-2015,2,First Class,AH-100757,Adam Hart,Corporate,Geelong,Victoria,Australia,Oceania,Asia Pacific,OFF-AP-4743,Office Supplies,Appliances,"Hoover Stove, Red",1534.869,3,-102.411,255.42,Medium,2015
30958,IN-2014-AS1063092-41989,16-12-2014,20-12-2014,4,Standard Class,AS-1063092,Ann Steele,Home Office,Whakatane,Bay of Plenty,New Zealand,Oceania,Asia Pacific,TEC-PH-5268,Technology,Phones,"Motorola Smart Phone, Full Size",6439.8,10,2447.1,255.36,Medium,2014
29782,IN-2014-DK1289559-41697,27-02-2014,04-03-2014,5,Standard Class,DK-1289559,Dana Kaydos,Consumer,Jakarta,Jakarta,Indonesia,Southeastern Asia,Asia Pacific,TEC-CO-5991,Technology,Copiers,"Sharp Copy Machine, High-Speed",1781.136,8,-134.064,255.36,High,2014
10274,US-2013-CL1189018-41459,04-07-2013,04-07-2013,0,Same Day,CL-1189018,Carl Ludwig,Consumer,Açu,Rio Grande do Norte,Brazil,South America,LATAM,TEC-PH-5839,Technology,Phones,"Samsung Smart Phone, Cordless",1363.2,8,-1806.24,255.173,Critical,2013
17414,ES-2013-CA12265139-41506,20-08-2013,24-08-2013,4,Standard Class,CA-12265139,Christina Anderson,Consumer,Colchester,England,United Kingdom,Northern Europe,Europe,FUR-CH-4531,Furniture,Chairs,"Harbour Creations Executive Leather Armchair, Black",3315.27,7,961.38,254.92,High,2013
37694,CA-2015-AH10120140-42309,01-11-2015,05-11-2015,4,Standard Class,AH-101201402,Adrian Hane,Home Office,Dallas,Texas,United States,Central US,USCA,OFF-AR-5331,Office Supplies,Art,Newell 350,5.248,2,0.5904,1.26,Medium,2015
16577,ES-2013-DB1297045-41458,03-07-2013,07-07-2013,4,Standard Class,DB-1297045,Darren Budd,Corporate,Montpellier,Languedoc-Roussillon-Midi-Pyrénées,France,Western Europe,Europe,TEC-MA-5546,Technology,Machines,"Panasonic Inkjet, Durable",2123.028,8,124.788,254.54,High,2013
19378,ES-2015-PC1900048-42337,29-11-2015,04-12-2015,5,Standard Class,PC-1900048,Pauline Chand,Home Office,Wetzlar,Hesse,Germany,Western Europe,Europe,TEC-CO-6011,Technology,Copiers,"Sharp Wireless Fax, High-Speed",2478.84,7,272.58,254.47,Medium,2015
22900,IN-2012-VS218207-41006,07-04-2012,12-04-2012,5,Standard Class,VS-218207,Vivek Sundaresam,Consumer,Perth,Western Australia,Australia,Oceania,Asia Pacific,OFF-AP-4736,Office Supplies,Appliances,"Hoover Refrigerator, Red",1894.536,4,505.176,254.37,High,2012
31843,CA-2015-AS10135140-42328,20-11-2015,23-11-2015,3,First Class,AS-101351406,Adrian Shami,Home Office,New York City,New York,United States,Eastern US,USCA,OFF-BI-3307,Office Supplies,Binders,Avery Printable Repositionable Plastic Tabs,41.28,6,13.932,7.14,Medium,2015
49151,CA-2013-AS13523-41403,09-05-2013,13-05-2013,4,Standard Class,AS-13523,Adrian Shami,Home Office,Edmonton,Alberta,Canada,Canada,USCA,OFF-ST-5695,Office Supplies,Storage,"Rogers Folders, Industrial",187.02,6,26.1,6.96,Medium,2013
21605,IN-2013-JR1567027-41597,19-11-2013,23-11-2013,4,Standard Class,JR-1567027,Jim Radford,Consumer,Shashi,Hubei,China,Eastern Asia,Asia Pacific,TEC-CO-3678,Technology,Copiers,"Canon Copy Machine, Color",1317.9,5,0,253.95,High,2013
17551,ES-2015-NF1847548-42248,01-09-2015,01-09-2015,0,Same Day,NF-1847548,Neil Französisch,Home Office,Moers,North Rhine-Westphalia,Germany,Western Europe,Europe,TEC-CO-4574,Technology,Copiers,"Hewlett Fax and Copier, Laser",1350.09,7,256.41,253.73,Critical,2015
25523,IN-2014-MF1766527-41947,04-11-2014,08-11-2014,4,Second Class,MF-1766527,Maureen Fritzler,Corporate,Chaoyang,Jilin,China,Eastern Asia,Asia Pacific,TEC-MA-4205,Technology,Machines,"Epson Printer, Durable",1839.18,7,238.98,253.5,High,2014
31844,CA-2015-AS10135140-42328,20-11-2015,23-11-2015,3,First Class,AS-101351406,Adrian Shami,Home Office,New York City,New York,United States,Eastern US,USCA,OFF-PA-6448,Office Supplies,Paper,Xerox 1898,13.36,2,6.4128,2.31,Medium,2015
18018,ES-2014-EB13930139-41962,19-11-2014,24-11-2014,5,Standard Class,EB-13930139,Eric Barreto,Consumer,Rugby,England,United Kingdom,Northern Europe,Europe,TEC-PH-5355,Technology,Phones,"Nokia Smart Phone, Full Size",1908.18,3,820.44,253.26,High,2014
1783,MX-2015-EB1397518-42369,31-12-2015,03-01-2016,3,Second Class,EB-1397518,Erica Bern,Corporate,São Paulo,São Paulo,Brazil,South America,LATAM,TEC-CO-3707,Technology,Copiers,"Canon Wireless Fax, Color",1264.466,5,301.466,253.254,High,2015
33098,CA-2014-AS10135140-41957,14-11-2014,20-11-2014,6,Standard Class,AS-101351404,Adrian Shami,Home Office,Auburn,Washington,United States,Western US,USCA,FUR-FU-4070,Furniture,Furnishings,"Eldon Image Series Desk Accessories, Burgundy",4.18,1,1.5048,1.18,Medium,2014
15811,ES-2013-JH1582048-41306,01-02-2013,04-02-2013,3,First Class,JH-1582048,John Huston,Consumer,Hamburg,Hamburg,Germany,Western Europe,Europe,TEC-PH-5836,Technology,Phones,"Samsung Signal Booster, Full Size",965.16,7,463.26,253.09,High,2013
13787,IT-2014-MV1748545-41717,19-03-2014,19-03-2014,0,Same Day,MV-1748545,Mark Van Huff,Consumer,Saint-Chamond,Auvergne-Rhône-Alpes,France,Western Europe,Europe,OFF-ST-4267,Office Supplies,Storage,"Fellowes Lockers, Industrial",748.116,4,282.516,253.03,Critical,2014
13739,ES-2013-JW1595545-41354,21-03-2013,23-03-2013,2,Second Class,JW-1595545,Joni Wasserman,Consumer,Fontenay-aux-Roses,Ile-de-France,France,Western Europe,Europe,FUR-BO-5953,Furniture,Bookcases,"Sauder Corner Shelving, Mobile",943.866,7,209.706,252.9,Critical,2013
22100,IN-2015-LA1678027-42148,24-05-2015,29-05-2015,5,Second Class,LA-1678027,Laura Armstrong,Corporate,Baotou,Inner Mongolia,China,Eastern Asia,Asia Pacific,FUR-BO-3901,Furniture,Bookcases,"Dania Library with Doors, Metal",1447.44,4,43.32,252.36,Medium,2015
15899,ES-2014-FM1421564-41804,14-06-2014,16-06-2014,2,First Class,FM-1421564,Filia McAdams,Corporate,Prato,Tuscany,Italy,Southern Europe,Europe,TEC-AC-3402,Technology,Accessories,"Belkin Router, Bluetooth",1552.5,6,62.1,252.17,Medium,2014
39794,CA-2012-AB10150140-40972,04-03-2012,07-03-2012,3,Second Class,AB-101501406,Aimee Bixby,Consumer,Yonkers,New York,United States,Eastern US,USCA,TEC-AC-5140,Technology,Accessories,Logitech Wireless Gaming Headset G930,479.97,3,177.5889,55.01,Medium,2012
39797,CA-2012-AB10150140-40972,04-03-2012,07-03-2012,3,Second Class,AB-101501406,Aimee Bixby,Consumer,Yonkers,New York,United States,Eastern US,USCA,OFF-PA-6441,Office Supplies,Paper,Xerox 1891,97.82,2,45.9754,10.13,Medium,2012
39793,CA-2012-AB10150140-40972,04-03-2012,07-03-2012,3,Second Class,AB-101501406,Aimee Bixby,Consumer,Yonkers,New York,United States,Eastern US,USCA,OFF-AR-5325,Office Supplies,Art,Newell 345,59.52,3,15.4752,8.02,Medium,2012
4569,MX-2014-MC1757518-41982,09-12-2014,11-12-2014,2,Second Class,MC-1757518,Matt Collins,Consumer,Joinville,Santa Catarina,Brazil,South America,LATAM,FUR-CH-4654,Furniture,Chairs,"Hon Executive Leather Armchair, Adjustable",919.26,3,266.58,251.57,Critical,2014
8252,MX-2014-MC1763582-41921,09-10-2014,14-10-2014,5,Standard Class,MC-1763582,Matthew Clasen,Corporate,Mexico City,Distrito Federal,Mexico,Central America,LATAM,TEC-PH-3806,Technology,Phones,"Cisco Smart Phone, Full Size",3045.84,7,1035.58,251.052,High,2014
21940,IN-2014-CR126257-41928,16-10-2014,18-10-2014,2,First Class,CR-126257,Corey Roper,Home Office,Canberra,Australian Capital Territory,Australia,Oceania,Asia Pacific,TEC-PH-3149,Technology,Phones,"Apple Smart Phone, with Caller ID",766.872,2,114.972,250.36,High,2014
46524,MO-2012-JF541586-41266,23-12-2012,27-12-2012,4,Second Class,JF-541586,Jennifer Ferguson,Consumer,Casablanca,Grand Casablanca,Morocco,North Africa,Africa,FUR-TA-3342,Furniture,Tables,"Barricks Computer Table, with Bottom Storage",2880.18,6,115.2,250.06,Medium,2012
4369,MX-2014-AH1021018-41745,16-04-2014,19-04-2014,3,First Class,AH-1021018,Alan Hwang,Consumer,Colombo,Parana,Brazil,South America,LATAM,OFF-AP-4736,Office Supplies,Appliances,"Hoover Refrigerator, Red",1403.36,4,449.04,250.029,High,2014
2642,US-2012-LH1675036-41129,08-08-2012,08-08-2012,0,Same Day,LH-1675036,Larry Hughes,Consumer,Santo Domingo,Santo Domingo,Dominican Republic,Caribbean,LATAM,OFF-AP-4743,Office Supplies,Appliances,"Hoover Stove, Red",1819.104,6,500.184,249.639,High,2012
39796,CA-2012-AB10150140-40972,04-03-2012,07-03-2012,3,Second Class,AB-101501406,Aimee Bixby,Consumer,Yonkers,New York,United States,Eastern US,USCA,OFF-BI-4378,Office Supplies,Binders,GBC Wire Binding Combs,49.632,6,16.7508,7.52,Medium,2012
26337,IN-2012-PO1919527-41200,18-10-2012,23-10-2012,5,Standard Class,PO-1919527,Phillina Ober,Home Office,Jining,Shandong,China,Eastern Asia,Asia Pacific,FUR-TA-3413,Furniture,Tables,"Bevis Coffee Table, Adjustable Height",2018.331,9,-576.909,248.91,High,2012
26887,IN-2012-MG1820558-40962,23-02-2012,26-02-2012,3,First Class,MG-1820558,Mitch Gastineau,Corporate,Thane,Maharashtra,India,Southern Asia,Asia Pacific,FUR-BO-4850,Furniture,Bookcases,"Ikea Classic Bookcase, Pine",2065.5,5,41.25,248.81,High,2012
21030,IN-2012-BM1178527-40977,09-03-2012,11-03-2012,2,First Class,BM-1178527,Bryan Mills,Consumer,Zhenjiang,Jiangsu,China,Eastern Asia,Asia Pacific,TEC-CO-3598,Technology,Copiers,"Brother Fax Machine, Laser",1274.16,4,382.2,248.59,Critical,2012
23842,IN-2015-KD1634558-42029,25-01-2015,29-01-2015,4,Standard Class,KD-1634558,Katherine Ducich,Consumer,Surat,Gujarat,India,Southern Asia,Asia Pacific,FUR-BO-4849,Furniture,Bookcases,"Ikea Classic Bookcase, Mobile",2485.62,6,795.24,248.41,Medium,2015
14759,IT-2015-TS21610139-42173,18-06-2015,18-06-2015,0,Same Day,TS-21610139,Troy Staebel,Consumer,York,England,United Kingdom,Northern Europe,Europe,OFF-AP-3576,Office Supplies,Appliances,"Breville Refrigerator, Silver",1560.24,3,421.2,247.99,High,2015
21464,IN-2012-AR1051027-41266,23-12-2012,29-12-2012,6,Standard Class,AR-1051027,Andrew Roberts,Consumer,Jining,Inner Mongolia,China,Eastern Asia,Asia Pacific,TEC-PH-3807,Technology,Phones,"Cisco Smart Phone, with Caller ID",3271.2,5,1341.15,247.7,Medium,2012
5138,US-2014-PG1889582-41647,08-01-2014,11-01-2014,3,Second Class,PG-1889582,Paul Gonzalez,Consumer,Mérida,Yucatán,Mexico,Central America,LATAM,FUR-CH-5443,Furniture,Chairs,"Office Star Executive Leather Armchair, Red",751.488,3,-112.752,246.726,Critical,2014
8682,MX-2014-LC1705051-41643,04-01-2014,10-01-2014,6,Standard Class,LC-1705051,Liz Carlisle,Consumer,Villa Nueva,Guatemala,Guatemala,Central America,LATAM,TEC-PH-5841,Technology,Phones,"Samsung Smart Phone, VoIP",2120.8,5,275.7,246.387,Medium,2014
18667,ES-2015-DJ1342045-42035,31-01-2015,04-02-2015,4,Standard Class,DJ-1342045,Denny Joy,Corporate,Annecy-le-Vieux,Auvergne-Rhône-Alpes,France,Western Europe,Europe,TEC-MA-5547,Technology,Machines,"Panasonic Inkjet, Red",2102.832,8,321.552,246.17,High,2015
11633,ES-2012-HK1489045-41216,03-11-2012,05-11-2012,2,Second Class,HK-1489045,Heather Kirkland,Corporate,Drancy,Ile-de-France,France,Western Europe,Europe,TEC-MA-5020,Technology,Machines,"Konica Receipt Printer, White",820.488,8,183.288,246.09,Critical,2012
32852,CA-2015-AB10150140-42252,05-09-2015,09-09-2015,4,Standard Class,AB-101501406,Aimee Bixby,Consumer,Long Beach,New York,United States,Eastern US,USCA,TEC-AC-6341,Technology,Accessories,"Verbatim 25 GB 6x Blu-ray Single Layer Recordable Disc, 25/Pack",91.96,4,39.5428,6.44,Medium,2015
50937,TZ-2014-HH5010129-41906,24-09-2014,24-09-2014,0,Same Day,HH-5010129,Hilary Holden,Corporate,Dar es Salaam,Dar Es Salaam,Tanzania,Eastern Africa,Africa,OFF-AP-4490,Office Supplies,Appliances,"Hamilton Beach Blender, Black",553.44,8,16.56,246.05,Critical,2014
23360,IN-2012-RR193157-41081,21-06-2012,26-06-2012,5,Standard Class,RR-193157,Ralph Ritter,Consumer,Gold Coast,Queensland,Australia,Oceania,Asia Pacific,TEC-CO-3596,Technology,Copiers,"Brother Fax Machine, Digital",1718.172,6,610.812,246.05,High,2012
10377,ES-2013-SH2063548-41516,30-08-2013,02-09-2013,3,Second Class,SH-2063548,Stefanie Holloman,Corporate,Nuremberg,Bavaria,Germany,Western Europe,Europe,FUR-TA-5057,Furniture,Tables,"Lesro Conference Table, Adjustable Height",2794.2525,5,515.7525,245.86,Medium,2013
12328,ES-2014-SV2078545-41807,17-06-2014,19-06-2014,2,First Class,SV-2078545,Stewart Visinsky,Consumer,Antony,Ile-de-France,France,Western Europe,Europe,FUR-CH-5380,Furniture,Chairs,"Novimex Executive Leather Armchair, Red",1242.54,3,345.15,245.83,High,2014
32896,CA-2015-AB10150140-42328,20-11-2015,22-11-2015,2,Second Class,AB-101501402,Aimee Bixby,Consumer,Carrollton,Texas,United States,Central US,USCA,OFF-AR-3551,Office Supplies,Art,"Boston School Pro Electric Pencil Sharpener, 1670",99.136,4,8.6744,4.31,Medium,2015
25965,IN-2013-DV1346527-41626,18-12-2013,22-12-2013,4,Second Class,DV-1346527,Dianna Vittorini,Consumer,Macheng,Hubei,China,Eastern Asia,Asia Pacific,TEC-PH-5355,Technology,Phones,"Nokia Smart Phone, Full Size",1274.7,2,165.66,245.57,High,2013
44891,MO-2014-RP985586-41907,25-09-2014,01-10-2014,6,Standard Class,RP-985586,Roy Phan,Corporate,Beni Mellal,Tadla-Azilal,Morocco,North Africa,Africa,TEC-AC-3405,Technology,Accessories,"Belkin Router, USB",1553.76,6,730.26,245.57,Low,2014
7046,MX-2015-NF1838582-42087,24-03-2015,28-03-2015,4,Standard Class,NF-1838582,Natalie Fritzler,Consumer,Juárez,Chihuahua,Mexico,Central America,LATAM,FUR-TA-3359,Furniture,Tables,"Barricks Wood Table, with Bottom Storage",2205.568,8,689.088,245.067,High,2015
36410,CA-2014-AB10150140-41670,31-01-2014,02-02-2014,2,Second Class,AB-101501402,Aimee Bixby,Consumer,Dallas,Texas,United States,Central US,USCA,OFF-PA-6553,Office Supplies,Paper,Xerox 1994,15.552,3,5.4432,3.66,Critical,2014
10408,ES-2012-LR1703548-41245,02-12-2012,02-12-2012,0,Same Day,LR-1703548,Lisa Ryan,Corporate,Hamburg,Hamburg,Germany,Western Europe,Europe,TEC-PH-5269,Technology,Phones,"Motorola Smart Phone, with Caller ID",3227.7,5,742.35,244.67,Medium,2012
21019,IN-2015-DR1294058-42152,28-05-2015,01-06-2015,4,Standard Class,DR-1294058,Daniel Raglin,Home Office,Madurai,Tamil Nadu,India,Southern Asia,Asia Pacific,FUR-CH-5441,Furniture,Chairs,"Office Star Executive Leather Armchair, Adjustable",1395,3,237.15,244.5,High,2015
12827,ES-2015-AF1087048-42169,14-06-2015,17-06-2015,3,Second Class,AF-1087048,Art Ferguson,Consumer,Dortmund,North Rhine-Westphalia,Germany,Western Europe,Europe,FUR-TA-3348,Furniture,Tables,"Barricks Round Table, Adjustable Height",2291.835,7,-1128.435,244.3,High,2015
41965,CF-2012-IM5055106-41224,11-11-2012,15-11-2012,4,Standard Class,IM-5055106,Ionia McGrath,Consumer,Loubomo,Niari,Republic of the Congo,Central Africa,Africa,FUR-BO-3625,Furniture,Bookcases,"Bush Classic Bookcase, Mobile",1660.8,4,83.04,244.07,High,2012
22056,ID-2014-VG2180527-41790,31-05-2014,05-06-2014,5,Standard Class,VG-2180527,Vivek Grady,Corporate,Jiangmen,Guangdong,China,Eastern Asia,Asia Pacific,FUR-TA-3765,Furniture,Tables,"Chromcraft Conference Table, Rectangular",2436.672,4,-487.368,244.03,High,2014
39795,CA-2012-AB10150140-40972,04-03-2012,07-03-2012,3,Second Class,AB-101501406,Aimee Bixby,Consumer,Yonkers,New York,United States,Eastern US,USCA,OFF-SU-2972,Office Supplies,Supplies,Acme Forged Steel Scissors with Black Enamel Handles,18.62,2,5.3998,1.91,Medium,2012
41450,RS-2012-AS285108-41137,16-08-2012,18-08-2012,2,First Class,AS-285108,Alejandro Savely,Corporate,Kaliningrad,Kaliningrad,Russia,Eastern Europe,Europe,FUR-CH-4558,Furniture,Chairs,"Harbour Creations Steel Folding Chair, Black",954.6,10,152.7,243.85,Critical,2012
6459,MX-2013-DK1298539-41339,06-03-2013,11-03-2013,5,Standard Class,DK-1298539,Darren Koutras,Consumer,Mejicanos,San Salvador,El Salvador,Central America,LATAM,OFF-AP-4966,Office Supplies,Appliances,"KitchenAid Stove, Silver",1903,5,57,243.793,High,2013
32894,CA-2015-AB10150140-42328,20-11-2015,22-11-2015,2,Second Class,AB-101501402,Aimee Bixby,Consumer,Carrollton,Texas,United States,Central US,USCA,OFF-PA-6453,Office Supplies,Paper,Xerox 1901,16.896,4,5.28,1.85,Medium,2015
13340,ES-2015-RW1954096-42222,06-08-2015,06-08-2015,0,Same Day,RW-1954096,Rick Wilson,Corporate,Kristiansand,Vest-Agder,Norway,Northern Europe,Europe,TEC-CO-3596,Technology,Copiers,"Brother Fax Machine, Digital",1590.9,5,508.95,243.57,Medium,2015
46906,IZ-2015-EH418561-42173,18-06-2015,21-06-2015,3,First Class,EH-418561,Evan Henry,Consumer,Ad Diwaniyah,Al Qadisiyah,Iraq,Western Asia,Asia Pacific,FUR-BO-3640,Furniture,Bookcases,"Bush Library with Doors, Mobile",1467.36,4,469.44,243.14,High,2015
26535,IN-2015-ML1739559-42369,31-12-2015,01-01-2016,1,First Class,ML-1739559,Marina Lichtenstein,Corporate,Jakarta,Jakarta,Indonesia,Southeastern Asia,Asia Pacific,FUR-BO-5787,Furniture,Bookcases,"Safco Library with Doors, Pine",1091.2806,3,46.9206,243.11,High,2015
509,MX-2013-BF1121593-41541,24-09-2013,28-09-2013,4,Second Class,BF-1121593,Benjamin Farhat,Home Office,Managua,Managua,Nicaragua,Central America,LATAM,TEC-CO-3609,Technology,Copiers,"Brother Wireless Fax, Digital",2014.3632,8,419.8032,243.059,Medium,2013
49790,CG-2014-MB730533-41688,18-02-2014,23-02-2014,5,Second Class,MB-730533,Maria Bertelson,Consumer,Kinshasa,Kinshasa,Democratic Republic of the Congo,Central Africa,Africa,FUR-TA-3777,Furniture,Tables,"Chromcraft Wood Table, Adjustable Height",3877.68,8,930.48,242.9,Medium,2014
32895,CA-2015-AB10150140-42328,20-11-2015,22-11-2015,2,Second Class,AB-101501402,Aimee Bixby,Consumer,Carrollton,Texas,United States,Central US,USCA,OFF-SU-2971,Office Supplies,Supplies,Acme Elite Stainless Steel Scissors,6.672,1,0.5004,1.74,Medium,2015
32897,CA-2015-AB10150140-42328,20-11-2015,22-11-2015,2,Second Class,AB-101501402,Aimee Bixby,Consumer,Carrollton,Texas,United States,Central US,USCA,FUR-FU-6223,Furniture,Furnishings,Telescoping Adjustable Floor Lamp,15.992,2,-13.993,1.54,Medium,2015
29737,IN-2015-KN164507-42332,24-11-2015,26-11-2015,2,First Class,KN-164507,Kean Nguyen,Corporate,Perth,Western Australia,Australia,Oceania,Asia Pacific,TEC-PH-3147,Technology,Phones,"Apple Smart Phone, Cordless",2863.35,5,858.9,242.57,Medium,2015
25271,IN-2015-HR14770102-42270,23-09-2015,29-09-2015,6,Standard Class,HR-14770102,Hallie Redmond,Home Office,Marikina,National Capital,Philippines,Southeastern Asia,Asia Pacific,FUR-CH-4531,Furniture,Chairs,"Harbour Creations Executive Leather Armchair, Black",2841.66,8,189.42,242.38,Medium,2015
15079,ES-2015-CK1276045-42312,04-11-2015,07-11-2015,3,First Class,CK-1276045,Cyma Kinney,Corporate,Bayonne,Aquitaine-Limousin-Poitou-Charentes,France,Western Europe,Europe,TEC-MA-6140,Technology,Machines,"StarTech Inkjet, Durable",765.459,3,-36.081,242.18,Critical,2015
28572,IN-2015-PB192107-42248,01-09-2015,04-09-2015,3,First Class,PB-192107,Phillip Breyer,Corporate,Wollongong,New South Wales,Australia,Oceania,Asia Pacific,OFF-AP-4738,Office Supplies,Appliances,"Hoover Refrigerator, White",1887.84,4,0,241.89,Medium,2015
33927,CA-2013-AB10150140-41527,10-09-2013,15-09-2013,5,Standard Class,AB-101501402,Aimee Bixby,Consumer,Tulsa,Oklahoma,United States,Central US,USCA,OFF-PA-6508,Office Supplies,Paper,Xerox 1952,14.94,3,7.0218,1.52,High,2013
47228,CA-2014-AB16523-41660,21-01-2014,21-01-2014,0,Same Day,AB-16523,Alan Barnes,Consumer,Hamilton,Ontario,Canada,Canada,USCA,OFF-AR-3475,Office Supplies,Art,"Binney & Smith Canvas, Blue",410.88,8,78,59.79,High,2014
5467,MX-2015-AA1048031-42111,17-04-2015,20-04-2015,3,Second Class,AA-1048031,Andrew Allen,Consumer,San José de las Lajas,Mayabeque,Cuba,Caribbean,LATAM,OFF-AP-4508,Office Supplies,Appliances,"Hamilton Beach Stove, White",1801.6,5,180.1,241.537,Medium,2015
13846,IT-2014-EB1384045-41706,08-03-2014,08-03-2014,0,Same Day,EB-1384045,Ellis Ballard,Corporate,Montreuil,Ile-de-France,France,Western Europe,Europe,TEC-PH-3785,Technology,Phones,"Cisco Audio Dock, Full Size",779.28,5,-0.12,241.34,Critical,2014
50118,AG-2012-RO97803-40964,25-02-2012,25-02-2012,0,Same Day,RO-97803,Rose O'Brian,Consumer,Algiers,Alger,Algeria,North Africa,Africa,TEC-MA-4197,Technology,Machines,"Epson Inkjet, Durable",613.26,2,202.32,241.33,Critical,2012
31989,CA-2013-AB10165140-41361,28-03-2013,02-04-2013,5,Standard Class,AB-101651404,Alan Barnes,Consumer,Los Angeles,California,United States,Western US,USCA,TEC-AC-4870,Technology,Accessories,Imation Bio 8GB USB Flash Drive Imation Corp,166.24,1,24.936,17.4,Medium,2013
30834,IN-2015-MR175457-42263,16-09-2015,20-09-2015,4,Second Class,MR-175457,Mathew Reese,Home Office,Wollongong,New South Wales,Australia,Oceania,Asia Pacific,FUR-CH-4656,Furniture,Chairs,"Hon Executive Leather Armchair, Red",1837.56,4,275.52,240.32,Medium,2015
12121,ES-2014-SP2092064-41828,08-07-2014,11-07-2014,3,First Class,SP-2092064,Susan Pistek,Consumer,Bologna,Emilia-Romagna,Italy,Southern Europe,Europe,OFF-AP-4743,Office Supplies,Appliances,"Hoover Stove, Red",3979.29,7,1989.54,240.17,Medium,2014
35613,CA-2013-AB10165140-41450,25-06-2013,01-07-2013,6,Standard Class,AB-101651404,Alan Barnes,Consumer,Los Angeles,California,United States,Western US,USCA,OFF-ST-6293,Office Supplies,Storage,Tennsco Regal Shelving Units,304.23,3,9.1269,11.27,Medium,2013
5256,MX-2014-AH1046593-42004,31-12-2014,01-01-2015,1,First Class,AH-1046593,Amy Hunt,Consumer,León,León,Nicaragua,Central America,LATAM,TEC-CO-4792,Technology,Copiers,"HP Wireless Fax, Laser",1198.2986,5,165.5986,240.092,High,2014
37429,CA-2015-AB10165140-42263,16-09-2015,21-09-2015,5,Standard Class,AB-101651408,Alan Barnes,Consumer,Lebanon,Tennessee,United States,Southern US,USCA,OFF-PA-6443,Office Supplies,Paper,Xerox 1893,163.96,5,59.4355,7.84,Medium,2015
24646,IN-2015-AH105857-42033,29-01-2015,02-02-2015,4,Standard Class,AH-105857,Angele Hood,Consumer,Townsville,Queensland,Australia,Oceania,Asia Pacific,FUR-BO-4849,Furniture,Bookcases,"Ikea Classic Bookcase, Mobile",1864.215,5,455.565,239.83,High,2015
43619,TU-2012-CV2805134-41159,07-09-2012,09-09-2012,2,Second Class,CV-2805134,Cynthia Voltz,Corporate,Istanbul,Istanbul,Turkey,Western Asia,Asia Pacific,FUR-CH-4530,Furniture,Chairs,"Harbour Creations Executive Leather Armchair, Adjustable",1142.64,6,-571.32,239.71,Critical,2012
18895,IT-2015-JK1532545-42052,17-02-2015,21-02-2015,4,Standard Class,JK-1532545,Jason Klamczynski,Corporate,Marseille,Provence-Alpes-Côte d'Azur,France,Western Europe,Europe,FUR-BO-3904,Furniture,Bookcases,"Dania Library with Doors, Traditional",1630.8,5,18,239.69,High,2015
50832,LH-2013-RB943575-41424,30-05-2013,02-06-2013,3,First Class,RB-943575,Richard Bierner,Consumer,Kaunas,Kaunas,Lithuania,Northern Europe,Europe,TEC-PH-3805,Technology,Phones,"Cisco Smart Phone, Cordless",1172.664,6,-1172.736,239.69,High,2013
47986,IR-2014-AG52560-41641,02-01-2014,04-01-2014,2,Second Class,AG-52560,Andy Gerbode,Corporate,Ardabil,Ardabil,Iran,Southern Asia,Asia Pacific,TEC-PH-5264,Technology,Phones,"Motorola Signal Booster, Full Size",2021.88,14,323.4,239.62,High,2014
165,MX-2013-AR1034582-41601,23-11-2013,25-11-2013,2,First Class,AR-1034582,Alex Russell,Corporate,Mexicali,Baja California,Mexico,Central America,LATAM,FUR-BO-5786,Furniture,Bookcases,"Safco Library with Doors, Mobile",836.928,4,230.128,239.217,High,2013
41568,SA-2015-MW8220110-42105,11-04-2015,17-04-2015,6,Standard Class,MW-8220110,Mitch Webber,Consumer,Mecca,Makkah,Saudi Arabia,Western Asia,Asia Pacific,TEC-PH-3806,Technology,Phones,"Cisco Smart Phone, Full Size",1302.78,2,286.56,239.04,Low,2015
41569,EG-2013-AH21038-41489,03-08-2013,07-08-2013,4,Standard Class,AH-21038,Alan Hwang,Consumer,Alexandria,Al Iskandariyah,Egypt,North Africa,Africa,OFF-AP-3578,Office Supplies,Appliances,"Breville Stove, Black",2243.88,4,246.72,238.95,Medium,2013
28173,IN-2015-FC142457-42326,18-11-2015,22-11-2015,4,Second Class,FC-142457,Frank Carlisle,Home Office,Queanbeyan,New South Wales,Australia,Oceania,Asia Pacific,TEC-PH-3152,Technology,Phones,"Apple Speaker Phone, VoIP",1221.561,11,325.611,238.9,High,2015
25420,IN-2012-ML1741027-41255,12-12-2012,16-12-2012,4,Standard Class,ML-1741027,Maris LaWare,Consumer,Guilin,Guangxi,China,Eastern Asia,Asia Pacific,OFF-AP-3875,Office Supplies,Appliances,"Cuisinart Stove, White",1609.29,3,241.38,238.76,High,2012
23033,ID-2015-TH212357-42175,20-06-2015,23-06-2015,3,Second Class,TH-212357,Tiffany House,Corporate,Sydney,New South Wales,Australia,Oceania,Asia Pacific,TEC-CO-6000,Technology,Copiers,"Sharp Fax Machine, Laser",1596.51,6,-53.37,238.52,Medium,2015
32227,CA-2015-AB10165140-42109,15-04-2015,18-04-2015,3,First Class,AB-101651406,Alan Barnes,Consumer,Toledo,Ohio,United States,Eastern US,USCA,OFF-AR-5929,Office Supplies,Art,"Sanford Prismacolor Professional Thick Lead Art Pencils, 36-Color Set",89.856,3,21.3408,5.26,Medium,2015
24695,IN-2014-TW2102527-41780,21-05-2014,25-05-2014,4,Standard Class,TW-2102527,Tamara Willingham,Home Office,Gaomi,Shandong,China,Eastern Asia,Asia Pacific,TEC-CO-5994,Technology,Copiers,"Sharp Fax and Copier, Digital",2018.88,12,928.44,238.34,Medium,2014
41831,SF-2015-LT7110117-42280,03-10-2015,07-10-2015,4,Standard Class,LT-7110117,Liz Thompson,Consumer,Pretoria,Gauteng,South Africa,Southern Africa,Africa,TEC-MA-5503,Technology,Machines,"Okidata Inkjet, Wireless",1885.32,6,18.72,238.23,High,2015
12230,IT-2012-KN16390139-41268,25-12-2012,30-12-2012,5,Standard Class,KN-16390139,Katherine Nockton,Corporate,Blackpool,England,United Kingdom,Northern Europe,Europe,FUR-TA-3759,Furniture,Tables,"Chromcraft Computer Table, Adjustable Height",3119.34,7,1528.38,238.03,Medium,2012
14209,ES-2015-HD1478548-42271,24-09-2015,01-10-2015,7,Standard Class,HD-1478548,Harold Dahlen,Home Office,Schwerin,Mecklenburg-Vorpommern,Germany,Western Europe,Europe,FUR-BO-3903,Furniture,Bookcases,"Dania Library with Doors, Pine",1964.25,6,21.69,237.78,Low,2015
35612,CA-2013-AB10165140-41450,25-06-2013,01-07-2013,6,Standard Class,AB-101651404,Alan Barnes,Consumer,Los Angeles,California,United States,Western US,USCA,OFF-BI-4373,Office Supplies,Binders,"GBC Velobind Prepunched Cover Sets, Regency Series",88.752,3,27.735,4.77,Medium,2013
30724,ID-2015-BE114557-42242,26-08-2015,28-08-2015,2,First Class,BE-114557,Brad Eason,Home Office,Gold Coast,Queensland,Australia,Oceania,Asia Pacific,FUR-CH-4656,Furniture,Chairs,"Hon Executive Leather Armchair, Red",1653.804,6,-689.256,237.38,High,2015
47042,SA-2015-MC7575110-42326,18-11-2015,21-11-2015,3,Second Class,MC-7575110,Matt Collins,Consumer,Jeddah,Makkah,Saudi Arabia,Western Asia,Asia Pacific,TEC-MA-5548,Technology,Machines,"Panasonic Inkjet, White",621,2,180.06,237.28,Critical,2015
24164,IN-2013-CS1246058-41609,01-12-2013,07-12-2013,6,Standard Class,CS-1246058,Chuck Sachs,Consumer,Aligarh,Uttar Pradesh,India,Southern Asia,Asia Pacific,TEC-CO-5997,Technology,Copiers,"Sharp Fax Machine, Color",2673.81,9,26.73,237.05,Medium,2013
16213,ES-2015-ME1732064-42253,06-09-2015,06-09-2015,0,Same Day,ME-1732064,Maria Etezadi,Home Office,Trento,Trentino-Alto Adige,Italy,Southern Europe,Europe,FUR-BO-5951,Furniture,Bookcases,"Sauder Classic Bookcase, Traditional",1307.97,3,536.22,236.79,High,2015
18865,IT-2015-SW2027564-42277,30-09-2015,02-10-2015,2,First Class,SW-2027564,Scott Williamson,Consumer,Ravenna,Emilia-Romagna,Italy,Southern Europe,Europe,TEC-PH-5841,Technology,Phones,"Samsung Smart Phone, VoIP",1145.232,3,-706.248,236.69,Critical,2015
39961,CA-2015-AB10165140-42094,31-03-2015,02-04-2015,2,Second Class,AB-101651404,Alan Barnes,Consumer,Lakewood,California,United States,Western US,USCA,FUR-FU-4329,Furniture,Furnishings,Flat Face Poster Frame,94.2,5,39.564,4.69,Medium,2015
9567,MX-2013-CR1282051-41543,26-09-2013,28-09-2013,2,First Class,CR-1282051,Cyra Reiten,Home Office,Mixco,Guatemala,Guatemala,Central America,LATAM,TEC-CO-6009,Technology,Copiers,"Sharp Wireless Fax, Color",1902.10816,8,872.82816,236.564,Medium,2013
19965,ES-2015-HM14860125-42368,30-12-2015,02-01-2016,3,First Class,HM-14860125,Harry Marie,Corporate,Basel,Basel-Stadt,Switzerland,Western Europe,Europe,TEC-CO-3685,Technology,Copiers,"Canon Fax and Copier, Laser",1913.4,10,899.1,236.49,Critical,2015
43835,MZ-2015-CC247587-42024,20-01-2015,25-01-2015,5,Second Class,CC-247587,Cindy Chapman,Consumer,Matola,Maputo,Mozambique,Eastern Africa,Africa,FUR-CH-5776,Furniture,Chairs,"SAFCO Executive Leather Armchair, Set of Two",1854.72,4,778.92,236.26,Medium,2015
17674,ES-2014-JM1525045-41835,15-07-2014,18-07-2014,3,Second Class,JM-1525045,Janet Martin,Consumer,Poitiers,Aquitaine-Limousin-Poitou-Charentes,France,Western Europe,Europe,FUR-CH-5443,Furniture,Chairs,"Office Star Executive Leather Armchair, Red",2958.984,7,953.274,236.23,Medium,2014
25322,ID-2012-PS18970118-40967,28-02-2012,02-03-2012,3,First Class,PS-18970118,Paul Stevenson,Home Office,Seoul,Seoul,South Korea,Eastern Asia,Asia Pacific,OFF-AP-4508,Office Supplies,Appliances,"Hamilton Beach Stove, White",810.72,3,-599.94,236.16,Critical,2012
12672,ES-2015-CM1219045-42094,31-03-2015,31-03-2015,0,Same Day,CM-1219045,Charlotte Melton,Consumer,Mulhouse,Alsace-Champagne-Ardenne-Lorraine,France,Western Europe,Europe,FUR-BO-3889,Furniture,Bookcases,"Dania Classic Bookcase, Metal",2953.584,8,754.704,236.13,Medium,2015
12964,ES-2014-QJ1925564-41793,03-06-2014,06-06-2014,3,Second Class,QJ-1925564,Quincy Jones,Corporate,Milan,Lombardy,Italy,Southern Europe,Europe,OFF-AP-3574,Office Supplies,Appliances,"Breville Refrigerator, Black",2593.8,5,1141.2,236.06,High,2014
29525,IN-2014-TS2150559-41703,05-03-2014,12-03-2014,7,Standard Class,TS-2150559,Tony Sayre,Consumer,Jakarta,Jakarta,Indonesia,Southeastern Asia,Asia Pacific,OFF-AP-3871,Office Supplies,Appliances,"Cuisinart Refrigerator, White",2051.013,5,667.113,235.88,Medium,2014
36600,US-2012-AB10165140-41228,15-11-2012,19-11-2012,4,Standard Class,AB-101651402,Alan Barnes,Consumer,Decatur,Illinois,United States,Central US,USCA,FUR-CH-5790,Furniture,Chairs,SAFCO Optional Arm Kit for Workspace Cribbage Stacking Chair,37.296,2,-1.0656,4.4,High,2012
16760,ES-2015-CS118608-42292,15-10-2015,17-10-2015,2,Second Class,CS-118608,Cari Schnelling,Consumer,Vienna,Vienna,Austria,Western Europe,Europe,TEC-CO-3587,Technology,Copiers,"Brother Copy Machine, Color",1318.65,5,567,235.46,Critical,2015
22587,IN-2012-KM1672078-41051,22-05-2012,22-05-2012,0,Same Day,KM-1672078,Kunst Miller,Consumer,Kota Kinabalu,Sabah,Malaysia,Southeastern Asia,Asia Pacific,TEC-PH-5844,Technology,Phones,"Samsung Speaker Phone, Full Size",1120.77,9,55.89,235.28,High,2012
39761,CA-2013-AB10165140-41404,10-05-2013,15-05-2013,5,Standard Class,AB-101651404,Alan Barnes,Consumer,Louisville,Colorado,United States,Western US,USCA,TEC-AC-3407,Technology,Accessories,Belkin Standard 104 key USB Keyboard,46.688,4,-2.918,4.29,Medium,2013
643,MX-2015-SB2018518-42245,29-08-2015,03-09-2015,5,Second Class,SB-2018518,Sarah Brown,Consumer,Uberaba,Minas Gerais,Brazil,South America,LATAM,OFF-AP-4966,Office Supplies,Appliances,"KitchenAid Stove, Silver",3044.8,8,91.2,235.076,Medium,2015
16968,ES-2015-MT1807045-42176,21-06-2015,22-06-2015,1,First Class,MT-1807045,Michelle Tran,Home Office,Rueil-Malmaison,Ile-de-France,France,Western Europe,Europe,FUR-BO-3902,Furniture,Bookcases,"Dania Library with Doors, Mobile",656.856,2,94.836,234.96,Critical,2015
17988,ES-2015-JF15415139-42132,08-05-2015,13-05-2015,5,Second Class,JF-15415139,Jennifer Ferguson,Consumer,Crawley,England,United Kingdom,Northern Europe,Europe,TEC-CO-4790,Technology,Copiers,"HP Wireless Fax, Digital",2518.95,7,1032.57,234.85,Medium,2015
46109,NI-2014-MT807095-41870,19-08-2014,20-08-2014,1,First Class,MT-807095,Michelle Tran,Home Office,Makurdi,Benue,Nigeria,Western Africa,Africa,FUR-CH-5776,Furniture,Chairs,"SAFCO Executive Leather Armchair, Set of Two",1669.248,12,-1558.152,234.85,Medium,2014
14818,ES-2014-ES14020120-41817,27-06-2014,27-06-2014,0,Same Day,ES-14020120,Erica Smith,Consumer,Madrid,Madrid,Spain,Southern Europe,Europe,FUR-BO-3627,Furniture,Bookcases,"Bush Classic Bookcase, Traditional",2476.08,6,1015.02,234.79,High,2014
49367,EN-2012-AB60042-40932,24-01-2012,24-01-2012,0,Same Day,AB-60042,Ann Blume,Corporate,Tallinn,Harjumaa,Estonia,Northern Europe,Europe,TEC-PH-3806,Technology,Phones,"Cisco Smart Phone, Full Size",1302.78,2,286.56,234.73,Medium,2012
31990,CA-2013-AB10165140-41361,28-03-2013,02-04-2013,5,Standard Class,AB-101651404,Alan Barnes,Consumer,Los Angeles,California,United States,Western US,USCA,OFF-PA-6534,Office Supplies,Paper,Xerox 1977,33.4,5,16.032,2.25,Medium,2013
31211,IN-2015-PS189707-42342,04-12-2015,08-12-2015,4,Standard Class,PS-189707,Paul Stevenson,Home Office,Hobart,Tasmania,Australia,Oceania,Asia Pacific,FUR-TA-4713,Furniture,Tables,"Hon Wood Table, with Bottom Storage",2125.32,4,148.68,234.67,Medium,2015
12413,ES-2014-EB13975139-41818,28-06-2014,04-07-2014,6,Standard Class,EB-13975139,Erica Bern,Corporate,Swansea,Wales,United Kingdom,Northern Europe,Europe,TEC-PH-3805,Technology,Phones,"Cisco Smart Phone, Cordless",1954.44,3,781.74,234.61,Low,2014
1088,MX-2013-AF1087018-41418,24-05-2013,26-05-2013,2,Second Class,AF-1087018,Art Ferguson,Consumer,Paranaguá,Parana,Brazil,South America,LATAM,TEC-PH-5268,Technology,Phones,"Motorola Smart Phone, Full Size",856.92,2,222.76,234.28,Critical,2013
27747,IN-2015-MC1742559-42346,08-12-2015,14-12-2015,6,Standard Class,MC-1742559,Mark Cousins,Corporate,Samarinda,Kalimantan Timur,Indonesia,Southeastern Asia,Asia Pacific,TEC-PH-5842,Technology,Phones,"Samsung Smart Phone, with Caller ID",3696.0315,7,756.8715,234.16,Medium,2015
27454,IN-2013-CC1268558-41619,11-12-2013,15-12-2013,4,Standard Class,CC-1268558,Craig Carroll,Consumer,Vijayawada,Andhra Pradesh,India,Southern Asia,Asia Pacific,TEC-PH-3805,Technology,Phones,"Cisco Smart Phone, Cordless",1302.96,2,182.4,234.15,High,2013
48301,TU-2015-EH4125134-42068,05-03-2015,07-03-2015,2,First Class,EH-4125134,Eugene Hildebrand,Home Office,Bandirma,Balikesir,Turkey,Western Asia,Asia Pacific,FUR-CH-4531,Furniture,Chairs,"Harbour Creations Executive Leather Armchair, Black",1136.664,6,-880.956,234.15,High,2015
29372,IN-2014-BS116657-41815,25-06-2014,29-06-2014,4,Standard Class,BS-116657,Brian Stugart,Consumer,Whyalla,South Australia,Australia,Oceania,Asia Pacific,TEC-CO-3598,Technology,Copiers,"Brother Fax Machine, Laser",1720.116,6,382.176,234.13,High,2014
25774,IN-2015-IM1507059-42157,02-06-2015,04-06-2015,2,First Class,IM-1507059,Irene Maddox,Consumer,Bandung,Jawa Barat,Indonesia,Southeastern Asia,Asia Pacific,TEC-AC-5223,Technology,Accessories,"Memorex Router, Bluetooth",1043.9304,8,-295.5096,234.13,Medium,2015
50056,IV-2012-SM1032029-41178,26-09-2012,02-10-2012,6,Standard Class,SM-1032029,Sean Miller,Home Office,Gagnoa,Fromager,Cote d'Ivoire,Western Africa,Africa,TEC-MA-5008,Technology,Machines,"Konica Inkjet, Wireless",1253.76,4,200.52,234.11,Low,2012
5010,US-2014-DA1345055-41795,05-06-2014,09-06-2014,4,Second Class,DA-1345055,Dianna Arnett,Home Office,Tegucigalpa,Francisco Morazán,Honduras,Central America,LATAM,OFF-AP-3868,Office Supplies,Appliances,"Cuisinart Refrigerator, Black",2180.244,11,-690.536,234.043,Medium,2014
10434,ES-2014-DB1306045-41928,16-10-2014,18-10-2014,2,First Class,DB-1306045,Dave Brooks,Consumer,Villiers-le-Bel,Ile-de-France,France,Western Europe,Europe,TEC-MA-6150,Technology,Machines,"StarTech Printer, Wireless",1306.467,6,107.487,233.74,High,2014
34730,CA-2015-AB10165140-42344,06-12-2015,10-12-2015,4,Standard Class,AB-101651404,Alan Barnes,Consumer,Bellevue,Washington,United States,Western US,USCA,OFF-BI-4378,Office Supplies,Binders,GBC Wire Binding Combs,24.816,3,8.3754,2.02,Medium,2015
35611,CA-2013-AB10165140-41450,25-06-2013,01-07-2013,6,Standard Class,AB-101651404,Alan Barnes,Consumer,Los Angeles,California,United States,Western US,USCA,OFF-FA-6129,Office Supplies,Fasteners,Staples,20.96,2,5.24,1.56,Medium,2013
5991,MX-2015-LC1688582-42329,21-11-2015,22-11-2015,1,First Class,LC-1688582,Lena Creighton,Consumer,Tlaquepaque,Jalisco,Mexico,Central America,LATAM,FUR-TA-3777,Furniture,Tables,"Chromcraft Wood Table, Adjustable Height",775.536,3,213.216,232.836,High,2015
13705,ES-2013-TC2098045-41588,10-11-2013,13-11-2013,3,First Class,TC-2098045,Tamara Chand,Corporate,Saint-Denis,Ile-de-France,France,Western Europe,Europe,FUR-TA-4692,Furniture,Tables,"Hon Round Table, with Bottom Storage",2012.049,6,-1021.671,232.54,Medium,2013
24939,IN-2012-SW2035059-41067,07-06-2012,12-06-2012,5,Standard Class,SW-2035059,Sean Wendt,Home Office,Depok,Jawa Barat,Indonesia,Southeastern Asia,Asia Pacific,TEC-PH-3806,Technology,Phones,"Cisco Smart Phone, Full Size",2166.8976,4,391.4976,232.49,Medium,2012
27579,IN-2015-JW1522058-42101,07-04-2015,12-04-2015,5,Standard Class,JW-1522058,Jane Waco,Corporate,Mangalore,Karnataka,India,Southern Asia,Asia Pacific,TEC-PH-3807,Technology,Phones,"Cisco Smart Phone, with Caller ID",3271.2,5,1341.15,232.45,High,2015
6773,MX-2012-DA1345031-41199,17-10-2012,20-10-2012,3,Second Class,DA-1345031,Dianna Arnett,Home Office,Sancti Spíritus,Sancti Spíritus,Cuba,Caribbean,LATAM,TEC-CO-3710,Technology,Copiers,"Canon Wireless Fax, Laser",755.80536,3,195.34536,232.424,Critical,2012
45983,SF-2013-CM1830117-41389,25-04-2013,30-04-2013,5,Standard Class,CM-1830117,Cari MacIntyre,Corporate,Johannesburg,Gauteng,South Africa,Southern Africa,Africa,FUR-BO-3639,Furniture,Bookcases,"Bush Library with Doors, Metal",2182.68,6,327.24,232.24,Medium,2013
29757,IN-2013-CS1184527-41517,31-08-2013,02-09-2013,2,Second Class,CS-1184527,Cari Sayre,Corporate,Shenzhen,Guangdong,China,Eastern Asia,Asia Pacific,TEC-PH-5267,Technology,Phones,"Motorola Smart Phone, Cordless",1285.56,2,51.42,232.17,Critical,2013
3068,MX-2013-MO1780051-41382,18-04-2013,21-04-2013,3,Second Class,MO-1780051,Meg O'Connel,Home Office,Villa Nueva,Guatemala,Guatemala,Central America,LATAM,TEC-PH-3784,Technology,Phones,"Cisco Audio Dock, Cordless",1479.36,12,103.44,231.957,Medium,2013
10183,US-2014-CR1273018-41993,20-12-2014,22-12-2014,2,First Class,CR-1273018,Craig Reiter,Consumer,Indaial,Santa Catarina,Brazil,South America,LATAM,FUR-TA-3420,Furniture,Tables,"Bevis Conference Table, Fully Assembled",740.184,3,-407.136,231.517,Critical,2014
13621,IT-2014-MY1738096-41794,04-06-2014,08-06-2014,4,Standard Class,MY-1738096,Maribeth Yedwab,Corporate,Bergen,Hordaland,Norway,Northern Europe,Europe,TEC-MA-4197,Technology,Machines,"Epson Inkjet, Durable",1533.15,5,505.8,231.35,High,2014
49268,SA-2013-MS7830110-41450,25-06-2013,01-07-2013,6,Standard Class,MS-7830110,Melanie Seite,Consumer,Riyadh,Ar Riyad,Saudi Arabia,Western Asia,Asia Pacific,FUR-TA-3352,Furniture,Tables,"Barricks Training Table, Adjustable Height",2563.92,8,820.32,231.32,Medium,2013
27207,IN-2013-SW207557-41502,16-08-2013,20-08-2013,4,Standard Class,SW-207557,Steven Ward,Corporate,Newcastle,New South Wales,Australia,Oceania,Asia Pacific,TEC-PH-5268,Technology,Phones,"Motorola Smart Phone, Full Size",2897.91,5,901.56,231.16,Medium,2013
30065,ID-2015-HG1496597-42230,14-08-2015,18-08-2015,4,Standard Class,HG-1496597,Henry Goldwyn,Corporate,Lahore,Punjab,Pakistan,Southern Asia,Asia Pacific,OFF-AP-4960,Office Supplies,Appliances,"KitchenAid Refrigerator, Black",1582.11,6,-886.05,231.11,High,2015
32226,CA-2015-AB10165140-42109,15-04-2015,18-04-2015,3,First Class,AB-101651406,Alan Barnes,Consumer,Toledo,Ohio,United States,Eastern US,USCA,OFF-AR-6632,Office Supplies,Art,Zebra Zazzle Fluorescent Highlighters,14.592,3,2.5536,1.34,Medium,2015
6154,MX-2014-DC1328551-41885,03-09-2014,09-09-2014,6,Standard Class,DC-1328551,Debra Catini,Consumer,Mixco,Guatemala,Guatemala,Central America,LATAM,TEC-PH-3807,Technology,Phones,"Cisco Smart Phone, with Caller ID",2616.96,6,26.16,230.47,Medium,2014
13532,ES-2015-DL13315139-42153,29-05-2015,01-06-2015,3,Second Class,DL-13315139,Delfina Latchford,Consumer,London,England,United Kingdom,Northern Europe,Europe,FUR-TA-3432,Furniture,Tables,"Bevis Round Table, with Bottom Storage",1399.113,3,108.783,230.35,Critical,2015
15892,ES-2014-TH21235125-41814,24-06-2014,01-07-2014,7,Standard Class,TH-21235125,Tiffany House,Corporate,Lucerne,Lucerne,Switzerland,Western Europe,Europe,TEC-CO-4593,Technology,Copiers,"Hewlett Wireless Fax, Laser",3421.71,9,1060.56,230.04,Medium,2014
32228,CA-2015-AB10165140-42109,15-04-2015,18-04-2015,3,First Class,AB-101651406,Alan Barnes,Consumer,Toledo,Ohio,United States,Eastern US,USCA,OFF-PA-6516,Office Supplies,Paper,Xerox 196,13.872,3,5.0286,1.21,Medium,2015
1548,MX-2015-JK15370100-42132,08-05-2015,10-05-2015,2,Second Class,JK-15370100,Jay Kimmel,Consumer,Fernando de la Mora,Central,Paraguay,South America,LATAM,TEC-PH-5837,Technology,Phones,"Samsung Signal Booster, VoIP",820.08,9,98.28,229.085,Critical,2015
34731,CA-2015-AB10165140-42344,06-12-2015,10-12-2015,4,Standard Class,AB-101651404,Alan Barnes,Consumer,Bellevue,Washington,United States,Western US,USCA,OFF-BI-6634,Office Supplies,Binders,Zipper Ring Binder Pockets,14.976,6,5.4288,1.15,Medium,2015
45942,IR-2015-CH207060-42048,13-02-2015,14-02-2015,1,First Class,CH-207060,Cathy Hwang,Home Office,Malayer,Hamadan,Iran,Southern Asia,Asia Pacific,FUR-BO-5953,Furniture,Bookcases,"Sauder Corner Shelving, Mobile",1198.56,8,359.52,228.94,High,2015
28516,ID-2015-ST205307-42336,28-11-2015,05-12-2015,7,Standard Class,ST-205307,Shui Tom,Consumer,Bundaberg,Queensland,Australia,Oceania,Asia Pacific,FUR-TA-3766,Furniture,Tables,"Chromcraft Conference Table, with Bottom Storage",1832.607,3,-445.113,228.89,Low,2015
18095,ES-2013-SP2092048-41510,24-08-2013,29-08-2013,5,Standard Class,SP-2092048,Susan Pistek,Consumer,Bochum,North Rhine-Westphalia,Germany,Western Europe,Europe,FUR-BO-3627,Furniture,Bookcases,"Bush Classic Bookcase, Traditional",1857.06,5,639.51,228.78,High,2013
44161,CG-2015-MH744033-42218,02-08-2015,08-08-2015,6,Standard Class,MH-744033,Mark Haberlin,Corporate,Mbuji-mayi,Kasai-Oriental,Democratic Republic of the Congo,Central Africa,Africa,FUR-BO-5763,Furniture,Bookcases,"Safco Classic Bookcase, Traditional",1752.6,4,455.64,228.7,Low,2015
25245,IN-2014-MC1784558-41971,28-11-2014,30-11-2014,2,Second Class,MC-1784558,Michael Chen,Consumer,Gwalior,Madhya Pradesh,India,Southern Asia,Asia Pacific,FUR-TA-3420,Furniture,Tables,"Bevis Conference Table, Fully Assembled",1850.46,2,259.02,228.37,High,2014
21620,IN-2012-CS1184527-41139,18-08-2012,22-08-2012,4,Standard Class,CS-1184527,Cari Sayre,Corporate,Luoyang,Fujian,China,Eastern Asia,Asia Pacific,FUR-CH-5442,Furniture,Chairs,"Office Star Executive Leather Armchair, Black",2337.15,5,1098.45,228.16,Medium,2012
10380,ES-2015-PW19030139-42076,13-03-2015,13-03-2015,0,Same Day,PW-19030139,Pauline Webber,Corporate,Southend-on-Sea,England,United Kingdom,Northern Europe,Europe,FUR-BO-5960,Furniture,Bookcases,"Sauder Floating Shelf Set, Mobile",788.4,4,291.6,228.13,Medium,2015
12887,ES-2014-BS1159045-41733,04-04-2014,07-04-2014,3,First Class,BS-1159045,Brendan Sweed,Corporate,Thionville,Alsace-Champagne-Ardenne-Lorraine,France,Western Europe,Europe,TEC-MA-4195,Technology,Machines,"Epson Card Printer, White",715.53,5,100.98,227.85,Critical,2014
31812,CA-2015-AD10180140-42027,23-01-2015,28-01-2015,5,Standard Class,AD-101801404,Alan Dominguez,Home Office,Great Falls,Montana,United States,Western US,USCA,TEC-CO-3690,Technology,Copiers,Canon Image Class D660 Copier,2999.95,5,1379.977,121.36,Medium,2015
25862,IN-2015-DO1343558-42141,17-05-2015,22-05-2015,5,Second Class,DO-1343558,Denny Ordway,Consumer,Srinagar,Jammu and Kashmir,India,Southern Asia,Asia Pacific,FUR-TA-3431,Furniture,Tables,"Bevis Round Table, Rectangular",3094.56,6,1423.44,227.67,Medium,2015
622,MX-2014-SG2089051-41752,23-04-2014,25-04-2014,2,Second Class,SG-2089051,Susan Gilcrest,Corporate,Villa Nueva,Guatemala,Guatemala,Central America,LATAM,TEC-CO-3602,Technology,Copiers,"Brother Ink, Laser",882.0324,9,148.3524,227.629,High,2014
31815,CA-2015-AD10180140-42027,23-01-2015,28-01-2015,5,Standard Class,AD-101801404,Alan Dominguez,Home Office,Great Falls,Montana,United States,Western US,USCA,OFF-ST-6294,Office Supplies,Storage,Tennsco Single-Tier Lockers,1126.02,3,56.301,72.26,Medium,2015
25602,ID-2013-JC161057-41531,14-09-2013,16-09-2013,2,First Class,JC-161057,Julie Creighton,Corporate,Gold Coast,Queensland,Australia,Oceania,Asia Pacific,FUR-TA-5062,Furniture,Tables,"Lesro Round Table, Adjustable Height",953.82,3,-81.81,227.19,High,2013
25799,IN-2015-VG2180558-42273,26-09-2015,28-09-2015,2,Second Class,VG-2180558,Vivek Grady,Corporate,Thiruvananthapuram,Kerala,India,Southern Asia,Asia Pacific,FUR-BO-3889,Furniture,Bookcases,"Dania Classic Bookcase, Metal",2871.54,7,57.33,227.14,Medium,2015
26110,IN-2013-TB2119058-41552,05-10-2013,09-10-2013,4,Standard Class,TB-2119058,Thomas Brumley,Home Office,Allahabad,Uttar Pradesh,India,Southern Asia,Asia Pacific,TEC-PH-5842,Technology,Phones,"Samsung Smart Phone, with Caller ID",2544.6,4,865.08,226.81,Medium,2013
26969,ID-2015-KD1627059-42306,29-10-2015,31-10-2015,2,Second Class,KD-1627059,Karen Daniels,Consumer,Bekasi,Jawa Barat,Indonesia,Southeastern Asia,Asia Pacific,TEC-MA-5512,Technology,Machines,"Okidata Printer, White",886.1412,4,106.7412,226.8,High,2015
30241,ID-2012-BM1114059-41235,22-11-2012,24-11-2012,2,First Class,BM-1114059,Becky Martin,Consumer,Jakarta,Jakarta,Indonesia,Southeastern Asia,Asia Pacific,TEC-MA-4210,Technology,Machines,"Epson Receipt Printer, Red",473.847,5,-5.853,226.73,Critical,2012
48705,IV-2015-SV1078529-42348,10-12-2015,13-12-2015,3,Second Class,SV-1078529,Stewart Visinsky,Consumer,Daloa,Haut-Sassandra,Cote d'Ivoire,Western Africa,Africa,TEC-CO-3602,Technology,Copiers,"Brother Ink, Laser",1767.6,12,0,226.68,Critical,2015
4820,MX-2012-AH1003082-41251,08-12-2012,09-12-2012,1,First Class,AH-1003082,Aaron Hawkins,Corporate,Saltillo,Coahuila,Mexico,Central America,LATAM,FUR-BO-4861,Furniture,Bookcases,"Ikea Library with Doors, Mobile",780.608,4,-0.032,226.629,High,2012
31421,US-2012-AD10180140-41268,25-12-2012,27-12-2012,2,Second Class,AD-101801402,Alan Dominguez,Home Office,Houston,Texas,United States,Central US,USCA,FUR-CH-4400,Furniture,Chairs,Global Deluxe High-Back Manager's Chair,600.558,3,-8.5794,58.54,High,2012
17274,ES-2014-VP21760120-41990,17-12-2014,17-12-2014,0,Same Day,VP-21760120,Victoria Pisteka,Corporate,Madrid,Madrid,Spain,Southern Europe,Europe,OFF-AP-4506,Office Supplies,Appliances,"Hamilton Beach Stove, Red",2711.7,5,1220.25,226.25,High,2014
10795,ES-2015-EG13900139-42108,14-04-2015,18-04-2015,4,Standard Class,EG-13900139,Emily Grady,Consumer,Woking,England,United Kingdom,Northern Europe,Europe,OFF-AP-3571,Office Supplies,Appliances,"Breville Microwave, Red",2111.97,7,190.05,225.84,Medium,2015
22458,ID-2015-TC21145102-42358,20-12-2015,24-12-2015,4,Standard Class,TC-21145102,Theresa Coyne,Corporate,Baguio City,Cordillera,Philippines,Southeastern Asia,Asia Pacific,FUR-CH-5457,Furniture,Chairs,"Office Star Swivel Stool, Set of Two",1189.2825,9,-396.4275,225.78,High,2015
30070,IN-2014-LR1691558-41899,17-09-2014,20-09-2014,3,First Class,LR-1691558,Lena Radford,Consumer,Gorakhpur,Haryana,India,Southern Asia,Asia Pacific,TEC-PH-5354,Technology,Phones,"Nokia Smart Phone, Cordless",1908.45,3,534.33,225.58,High,2014
36225,CA-2015-AD10180140-42340,02-12-2015,07-12-2015,5,Standard Class,AD-101801406,Alan Dominguez,Home Office,Fairfield,Connecticut,United States,Eastern US,USCA,FUR-CH-4397,Furniture,Chairs,Global Comet Stacking Armless Chair,897.15,3,251.202,58.41,Medium,2015
36585,US-2015-AD10180140-42125,01-05-2015,06-05-2015,5,Standard Class,AD-101801404,Alan Dominguez,Home Office,San Francisco,California,United States,Western US,USCA,OFF-PA-6471,Office Supplies,Paper,Xerox 1919,163.96,4,80.3404,7.09,Medium,2015
20542,ID-2013-TH21550130-41634,26-12-2013,28-12-2013,2,Second Class,TH-21550130,Tracy Hopkins,Home Office,Bangkok,Bangkok,Thailand,Southeastern Asia,Asia Pacific,FUR-TA-3341,Furniture,Tables,"Barricks Computer Table, Fully Assembled",1854.9297,9,-1294.3503,225.02,High,2013
28259,IN-2014-HD1478527-41923,11-10-2014,14-10-2014,3,First Class,HD-1478527,Harold Dahlen,Home Office,Shanghai,Shanghai,China,Eastern Asia,Asia Pacific,TEC-MA-4199,Technology,Machines,"Epson Inkjet, Wireless",924.66,3,397.53,225,Critical,2014
27525,ID-2013-TP2113027-41389,25-04-2013,27-04-2013,2,Second Class,TP-2113027,Theone Pippenger,Consumer,Mianyang,Sichuan,China,Eastern Asia,Asia Pacific,FUR-TA-3349,Furniture,Tables,"Barricks Round Table, Fully Assembled",1760.43,5,-326.97,224.8,High,2013
50963,RS-2015-TC11145108-42178,23-06-2015,23-06-2015,0,Same Day,TC-11145108,Theresa Coyne,Corporate,Magnitogorsk,Chelyabinsk,Russia,Eastern Europe,Europe,TEC-PH-5836,Technology,Phones,"Samsung Signal Booster, Full Size",827.28,6,397.08,224.64,High,2015
3748,MX-2013-JL1523536-41606,28-11-2013,03-12-2013,5,Standard Class,JL-1523536,Janet Lee,Consumer,Santo Domingo,Santo Domingo,Dominican Republic,Caribbean,LATAM,OFF-AP-4745,Office Supplies,Appliances,"Hoover Stove, White",1510.96,5,509.86,224.281,High,2013
23518,IN-2015-DM1334558-42182,27-06-2015,02-07-2015,5,Second Class,DM-1334558,Denise Monton,Corporate,Varanasi,Uttar Pradesh,India,Southern Asia,Asia Pacific,TEC-CO-3588,Technology,Copiers,"Brother Copy Machine, High-Speed",2098.32,8,860.16,224.28,Medium,2015
9121,MX-2015-RK1930018-42181,26-06-2015,28-06-2015,2,First Class,RK-1930018,Ralph Kennedy,Consumer,Serra,Espírito Santo,Brazil,South America,LATAM,FUR-TA-3344,Furniture,Tables,"Barricks Conference Table, Fully Assembled",1938.24,4,-96.96,223.805,Medium,2015
13967,ES-2013-CC1267064-41534,17-09-2013,19-09-2013,2,First Class,CC-1267064,Craig Carreira,Consumer,Florence,Tuscany,Italy,Southern Europe,Europe,TEC-MA-5017,Technology,Machines,"Konica Printer, Wireless",803.52,5,-495.63,223.78,High,2013
30001,IN-2014-TC2098058-41971,28-11-2014,02-12-2014,4,Standard Class,TC-2098058,Tamara Chand,Corporate,Chennai,Tamil Nadu,India,Southern Asia,Asia Pacific,FUR-CH-5773,Furniture,Chairs,"SAFCO Executive Leather Armchair, Adjustable",1391.76,3,97.38,223.52,High,2014
34996,CA-2015-AD10180140-42322,14-11-2015,19-11-2015,5,Second Class,AD-101801406,Alan Dominguez,Home Office,Yonkers,New York,United States,Eastern US,USCA,TEC-AC-4939,Technology,Accessories,KeyTronic 6101 Series - Keyboard - Black,163.96,4,70.5028,4.96,Medium,2015
25943,ID-2015-CM123857-42208,23-07-2015,25-07-2015,2,Second Class,CM-123857,Christopher Martinez,Consumer,Adelaide,South Australia,Australia,Oceania,Asia Pacific,OFF-ST-5700,Office Supplies,Storage,"Rogers Lockers, Blue",952.29,5,-53.01,223.43,High,2015
13228,ES-2015-BG1103564-42251,04-09-2015,08-09-2015,4,Standard Class,BG-1103564,Barry Gonzalez,Consumer,Pescara,Abruzzi,Italy,Southern Europe,Europe,FUR-BO-4861,Furniture,Bookcases,"Ikea Library with Doors, Mobile",2927.28,8,146.16,223.41,Medium,2015
32623,CA-2013-AD10180140-41439,14-06-2013,18-06-2013,4,Standard Class,AD-101801406,Alan Dominguez,Home Office,Philadelphia,Pennsylvania,United States,Eastern US,USCA,FUR-FU-4051,Furniture,Furnishings,"Eldon Expressions Punched Metal & Wood Desk Accessories, Pewter & Cherry",51.072,6,5.1072,1.94,High,2013
31813,CA-2015-AD10180140-42027,23-01-2015,28-01-2015,5,Standard Class,AD-101801404,Alan Dominguez,Home Office,Great Falls,Montana,United States,Western US,USCA,OFF-ST-3059,Office Supplies,Storage,Advantus Rolling Storage Box,51.45,3,13.8915,1.84,Medium,2015
36224,CA-2015-AD10180140-42340,02-12-2015,07-12-2015,5,Standard Class,AD-101801406,Alan Dominguez,Home Office,Fairfield,Connecticut,United States,Eastern US,USCA,OFF-PA-6577,Office Supplies,Paper,Xerox 214,19.44,3,9.3312,1.82,Medium,2015
25705,IN-2015-MG1789097-42022,18-01-2015,22-01-2015,4,Standard Class,MG-1789097,Michael Granlund,Home Office,Lahore,Punjab,Pakistan,Southern Asia,Asia Pacific,OFF-AP-3572,Office Supplies,Appliances,"Breville Microwave, Silver",2117.22,14,-1736.28,223.13,High,2015
30218,ID-2015-MM1726078-42181,26-06-2015,01-07-2015,5,Standard Class,MM-1726078,Magdelene Morse,Consumer,Kuala Lumpur,Kuala Lumpur,Malaysia,Southeastern Asia,Asia Pacific,FUR-CH-5379,Furniture,Chairs,"Novimex Executive Leather Armchair, Black",2747.7,6,82.26,222.78,Medium,2015
21435,IN-2013-TG2164078-41299,25-01-2013,25-01-2013,0,Same Day,TG-2164078,Trudy Glocke,Consumer,Kuantan,Pahang,Malaysia,Southeastern Asia,Asia Pacific,FUR-BO-4845,Furniture,Bookcases,"Ikea 3-Shelf Cabinet, Mobile",1014.72,7,141.96,222.52,High,2013
28012,IN-2013-CC1237011-41462,07-07-2013,12-07-2013,5,Second Class,CC-1237011,Christopher Conant,Consumer,Chittagong,Chittagong,Bangladesh,Southern Asia,Asia Pacific,TEC-PH-5270,Technology,Phones,"Motorola Speaker Phone, Cordless",1591.56,12,79.56,222.4,Medium,2013
5917,MX-2012-SC2084582-41240,27-11-2012,29-11-2012,2,First Class,SC-2084582,Sung Chung,Consumer,Monclova,Coahuila,Mexico,Central America,LATAM,TEC-MA-5571,Technology,Machines,"Panasonic Printer, Durable",533.22,3,69.3,222.045,Critical,2012
8480,MX-2015-PS1904518-42335,27-11-2015,01-12-2015,4,Second Class,PS-1904518,Penelope Sewall,Home Office,São Paulo,São Paulo,Brazil,South America,LATAM,TEC-PH-5355,Technology,Phones,"Nokia Smart Phone, Full Size",2124.5,5,488.6,221.92,High,2015
26695,ID-2013-CB1202559-41615,07-12-2013,09-12-2013,2,First Class,CB-1202559,Cassandra Brandow,Consumer,Jakarta,Jakarta,Indonesia,Southeastern Asia,Asia Pacific,OFF-ST-5700,Office Supplies,Storage,"Rogers Lockers, Blue",1053.8676,6,-152.4924,221.64,High,2013
41032,CA-2012-AD10180140-41231,18-11-2012,21-11-2012,3,Second Class,AD-101801406,Alan Dominguez,Home Office,Philadelphia,Pennsylvania,United States,Eastern US,USCA,OFF-PA-2856,Office Supplies,Paper,"1/4 Fold Party Design Invitations & White Envelopes, 24 8-1/2"" X 11"" Cards, 25 Env./Pack",5.88,1,1.9845,1.76,Medium,2012
12600,ES-2013-BT11395139-41625,17-12-2013,21-12-2013,4,Standard Class,BT-11395139,Bill Tyler,Corporate,Worthing,England,United Kingdom,Northern Europe,Europe,TEC-MA-5546,Technology,Machines,"Panasonic Inkjet, Durable",1248.84,4,249.72,221.58,High,2013
4486,MX-2014-SJ2050051-41962,19-11-2014,25-11-2014,6,Standard Class,SJ-2050051,Shirley Jackson,Consumer,Mixco,Guatemala,Guatemala,Central America,LATAM,FUR-BO-5950,Furniture,Bookcases,"Sauder Classic Bookcase, Pine",2040.92,7,959.14,221.048,Low,2014
10828,IT-2015-MC1784545-42249,02-09-2015,04-09-2015,2,Second Class,MC-1784545,Michael Chen,Consumer,Paris,Ile-de-France,France,Western Europe,Europe,OFF-ST-4078,Office Supplies,Storage,"Eldon Lockers, Blue",1068.714,6,-0.126,220.97,High,2015
62,MX-2015-MG1820518-42140,16-05-2015,16-05-2015,0,Same Day,MG-1820518,Mitch Gastineau,Corporate,Lençóis Paulista,São Paulo,Brazil,South America,LATAM,FUR-BO-5760,Furniture,Bookcases,"Safco Classic Bookcase, Metal",875.22,3,139.98,220.767,High,2015
24380,IN-2014-RA199157-41948,05-11-2014,09-11-2014,4,Standard Class,RA-199157,Russell Applegate,Consumer,Coffs Harbour,New South Wales,Australia,Oceania,Asia Pacific,TEC-AC-4187,Technology,Accessories,"Enermax Router, Programmable",1403.082,6,296.082,220.54,High,2014
43958,PL-2012-TT11265103-41219,06-11-2012,12-11-2012,6,Standard Class,TT-11265103,Tim Taslimi,Corporate,Lublin,Lublin,Poland,Eastern Europe,Europe,FUR-BO-5951,Furniture,Bookcases,"Sauder Classic Bookcase, Traditional",1743.96,4,714.96,220.39,Medium,2012
45785,IZ-2014-TH1123561-41738,09-04-2014,11-04-2014,2,Second Class,TH-1123561,Tiffany House,Corporate,Baghdad,Baghdad,Iraq,Western Asia,Asia Pacific,TEC-MA-5014,Technology,Machines,"Konica Printer, Durable",1071.84,4,310.8,220.3,High,2014
13730,IT-2015-DM1301564-42167,12-06-2015,13-06-2015,1,First Class,DM-1301564,Darrin Martin,Consumer,San Severo,Apulia,Italy,Southern Europe,Europe,TEC-MA-4199,Technology,Machines,"Epson Inkjet, Wireless",925.02,5,-447.18,219.98,High,2015
2026,US-2014-VG217905-41800,10-06-2014,15-06-2014,5,Standard Class,VG-217905,Vivek Gonzalez,Consumer,San Luis,San Luis,Argentina,South America,LATAM,FUR-CH-5442,Furniture,Chairs,"Office Star Executive Leather Armchair, Black",1682.748,9,-813.492,219.842,High,2014
25053,IN-2015-JW1595527-42190,05-07-2015,09-07-2015,4,Standard Class,JW-1595527,Joni Wasserman,Consumer,Guangzhou,Guangdong,China,Eastern Asia,Asia Pacific,FUR-BO-5968,Furniture,Bookcases,"Sauder Library with Doors, Pine",1944.9,5,291.6,219.83,Medium,2015
25116,IN-2014-ZC2191058-41760,01-05-2014,05-05-2014,4,Standard Class,ZC-2191058,Zuschuss Carroll,Consumer,Tiruppur,Tamil Nadu,India,Southern Asia,Asia Pacific,TEC-CO-3707,Technology,Copiers,"Canon Wireless Fax, Color",3040.8,8,1155.36,219.74,Medium,2014
32583,CA-2013-AD10180140-41459,04-07-2013,08-07-2013,4,Standard Class,AD-101801406,Alan Dominguez,Home Office,New York City,New York,United States,Eastern US,USCA,OFF-AR-3837,Office Supplies,Art,Colorific Watercolor Pencils,15.48,3,4.4892,1.68,Medium,2013
9525,MX-2013-NW1840082-41584,06-11-2013,08-11-2013,2,First Class,NW-1840082,Natalie Webber,Consumer,San Luis Potosí,San Luis Potosí,Mexico,Central America,LATAM,TEC-CO-3610,Technology,Copiers,"Brother Wireless Fax, High-Speed",1003.34928,4,178.94928,219.533,Critical,2013
31814,CA-2015-AD10180140-42027,23-01-2015,28-01-2015,5,Standard Class,AD-101801404,Alan Dominguez,Home Office,Great Falls,Montana,United States,Western US,USCA,OFF-PA-4460,Office Supplies,Paper,Great White Multi-Use Recycled Paper (20Lb. and 84 Bright),11.96,2,5.382,1.07,Medium,2015
25463,IN-2012-VP217307-41166,14-09-2012,17-09-2012,3,Second Class,VP-217307,Victor Preis,Home Office,Brisbane,Queensland,Australia,Oceania,Asia Pacific,OFF-ST-4057,Office Supplies,Storage,"Eldon File Cart, Single Width",808.731,7,-0.189,219.26,Critical,2012
18392,ES-2014-SS2041045-41999,26-12-2014,01-01-2015,6,Standard Class,SS-2041045,Shahid Shariari,Consumer,Le Chesnay,Ile-de-France,France,Western Europe,Europe,TEC-CO-6000,Technology,Copiers,"Sharp Fax Machine, Laser",2764.3275,11,-195.4425,219.19,Medium,2014
31585,CA-2014-AH10195140-41992,19-12-2014,21-12-2014,2,Second Class,AH-101951408,Alan Haines,Corporate,Tamarac,Florida,United States,Southern US,USCA,OFF-SU-5634,Office Supplies,Supplies,Premier Automatic Letter Opener,961.48,5,-204.3145,89.23,Medium,2014
42555,EZ-2015-AG27032-42249,02-09-2015,04-09-2015,2,First Class,AG-27032,Alejandro Grove,Consumer,Prague,Prague,Czech Republic,Eastern Europe,Europe,FUR-CH-4655,Furniture,Chairs,"Hon Executive Leather Armchair, Black",457.14,1,169.14,218.96,Critical,2015
31583,CA-2014-AH10195140-41992,19-12-2014,21-12-2014,2,Second Class,AH-101951408,Alan Haines,Corporate,Tamarac,Florida,United States,Southern US,USCA,OFF-BI-4374,Office Supplies,Binders,GBC VeloBinder Electric Binding Machine,254.058,7,-169.372,29.13,Medium,2014
29373,IN-2014-BS116657-41815,25-06-2014,29-06-2014,4,Standard Class,BS-116657,Brian Stugart,Consumer,Whyalla,South Australia,Australia,Oceania,Asia Pacific,TEC-MA-5513,Technology,Machines,"Okidata Printer, Wireless",1933.2,8,-128.88,218.82,High,2014
12333,ES-2012-BW1120045-41085,25-06-2012,27-06-2012,2,First Class,BW-1120045,Ben Wallace,Consumer,Dieppe,Normandy,France,Western Europe,Europe,FUR-BO-5787,Furniture,Bookcases,"Safco Library with Doors, Pine",704.052,2,312.912,218.81,Critical,2012
12989,IT-2015-FM1421545-42271,24-09-2015,26-09-2015,2,Second Class,FM-1421545,Filia McAdams,Corporate,Gap,Provence-Alpes-Côte d'Azur,France,Western Europe,Europe,OFF-AP-3570,Office Supplies,Appliances,"Breville Microwave, Black",1355.13,5,-60.27,218.75,High,2015
36551,CA-2013-AH10195140-41338,05-03-2013,07-03-2013,2,Second Class,AH-101951406,Alan Haines,Corporate,Bethlehem,Pennsylvania,United States,Eastern US,USCA,FUR-CH-6016,Furniture,Chairs,"Situations Contoured Folding Chairs, 4/Set",99.372,2,-7.098,10.79,High,2013
31584,CA-2014-AH10195140-41992,19-12-2014,21-12-2014,2,Second Class,AH-101951408,Alan Haines,Corporate,Tamarac,Florida,United States,Southern US,USCA,OFF-AP-2889,Office Supplies,Appliances,"Acco 7-Outlet Masterpiece Power Center, Wihtout Fax/Phone Line Protection",194.528,2,24.316,10.39,Medium,2014
25575,IN-2014-PF1912027-41916,04-10-2014,08-10-2014,4,Standard Class,PF-1912027,Peter Fuller,Consumer,Shuangcheng,Heilongjiang,China,Eastern Asia,Asia Pacific,FUR-CH-5441,Furniture,Chairs,"Office Star Executive Leather Armchair, Adjustable",2819.52,6,338.22,218.16,Medium,2014
23248,IN-2013-NL1831027-41586,08-11-2013,15-11-2013,7,Standard Class,NL-1831027,Nancy Lomonaco,Home Office,Shenzhen,Guangdong,China,Eastern Asia,Asia Pacific,TEC-PH-5267,Technology,Phones,"Motorola Smart Phone, Cordless",2571.12,4,102.84,217.64,Low,2013
42735,CT-2013-SC1072524-41301,27-01-2013,29-01-2013,2,Second Class,SC-1072524,Steven Cartwright,Consumer,Bangui,Bangui,Central African Republic,Central Africa,Africa,TEC-AC-5224,Technology,Accessories,"Memorex Router, Erganomic",976.08,4,292.8,217.62,Critical,2013
30649,IN-2013-CA1226592-41627,19-12-2013,22-12-2013,3,Second Class,CA-1226592,Christina Anderson,Consumer,Hastings,Hawke's Bay,New Zealand,Oceania,Asia Pacific,TEC-PH-3803,Technology,Phones,"Cisco Signal Booster, with Caller ID",607.32,4,115.32,217.39,Critical,2013
42998,CA-2012-AH19523-41129,08-08-2012,12-08-2012,4,Standard Class,AH-19523,Alan Haines,Corporate,Waterloo,Ontario,Canada,Canada,USCA,OFF-EN-3089,Office Supplies,Envelopes,"Ames Business Envelopes, Security-Tint",87.84,6,29.7,7.97,Medium,2012
36552,CA-2013-AH10195140-41338,05-03-2013,07-03-2013,2,Second Class,AH-101951406,Alan Haines,Corporate,Bethlehem,Pennsylvania,United States,Eastern US,USCA,FUR-FU-2864,Furniture,Furnishings,36X48 HARDFLOOR CHAIRMAT,33.568,2,-5.4548,4.64,High,2013
8348,US-2015-AG1052582-42355,17-12-2015,21-12-2015,4,Standard Class,AG-1052582,Andy Gerbode,Corporate,Irapuato,Guanajuato,Mexico,Central America,LATAM,FUR-CH-4654,Furniture,Chairs,"Hon Executive Leather Armchair, Adjustable",1697.584,7,-63.756,217.028,High,2015
25630,IN-2012-PL1892527-41228,15-11-2012,21-11-2012,6,Standard Class,PL-1892527,Paul Lucas,Home Office,Xinyi,Guangdong,China,Eastern Asia,Asia Pacific,FUR-BO-3627,Furniture,Bookcases,"Bush Classic Bookcase, Traditional",2063.4,5,123.75,216.99,Low,2012
18948,ES-2014-AB1001545-41930,18-10-2014,20-10-2014,2,Second Class,AB-1001545,Aaron Bergman,Consumer,Marseille,Provence-Alpes-Côte d'Azur,France,Western Europe,Europe,TEC-CO-4785,Technology,Copiers,"HP Personal Copier, Digital",632.043,6,7.263,216.8,Critical,2014
28056,IN-2015-TS2150527-42286,09-10-2015,13-10-2015,4,Standard Class,TS-2150527,Tony Sayre,Consumer,Beijing,Beijing,China,Eastern Asia,Asia Pacific,FUR-BO-3625,Furniture,Bookcases,"Bush Classic Bookcase, Mobile",2906.4,7,1220.52,216.07,High,2015
22551,IN-2015-MG1814558-42087,24-03-2015,30-03-2015,6,Standard Class,MG-1814558,Mike Gockenbach,Consumer,Bhilwara,Rajasthan,India,Southern Asia,Asia Pacific,FUR-TA-5060,Furniture,Tables,"Lesro Conference Table, with Bottom Storage",2572.74,3,1080.54,216.06,Medium,2015
34645,CA-2015-AH10195140-42314,06-11-2015,08-11-2015,2,First Class,AH-101951402,Alan Haines,Corporate,Chicago,Illinois,United States,Central US,USCA,OFF-BI-3308,Office Supplies,Binders,Avery Recycled Flexi-View Covers for Binding Systems,16.03,5,-25.648,2.16,Critical,2015
18825,ES-2013-RD1958514-41639,31-12-2013,03-01-2014,3,Second Class,RD-1958514,Rob Dowd,Consumer,Antwerp,Antwerp,Belgium,Western Europe,Europe,OFF-AP-4961,Office Supplies,Appliances,"KitchenAid Refrigerator, Red",1583.82,3,126.63,215.73,Medium,2013
36699,CA-2015-AH10195140-42241,25-08-2015,30-08-2015,5,Standard Class,AH-101951406,Alan Haines,Corporate,New York City,New York,United States,Eastern US,USCA,OFF-BI-3983,Office Supplies,Binders,DXL Angle-View Binders with Locking Rings by Samsill,24.672,4,7.71,1.62,Medium,2015
36700,CA-2015-AH10195140-42241,25-08-2015,30-08-2015,5,Standard Class,AH-101951406,Alan Haines,Corporate,New York City,New York,United States,Eastern US,USCA,OFF-BI-2936,Office Supplies,Binders,Acco Translucent Poly Ring Binders,3.744,1,1.3104,1.25,Medium,2015
30148,ID-2015-BD116057-42103,09-04-2015,13-04-2015,4,Standard Class,BD-116057,Brian Dahlen,Consumer,Newcastle,New South Wales,Australia,Oceania,Asia Pacific,FUR-CH-5380,Furniture,Chairs,"Novimex Executive Leather Armchair, Red",1656.72,4,-110.52,215.54,High,2015
23432,IN-2015-PB191057-42281,04-10-2015,05-10-2015,1,First Class,PB-191057,Peter Bühler,Consumer,Orange,New South Wales,Australia,Oceania,Asia Pacific,TEC-CO-4578,Technology,Copiers,"Hewlett Fax Machine, Laser",2015.496,7,850.836,215.4,Medium,2015
18041,ES-2013-AB10150120-41588,10-11-2013,17-11-2013,7,Standard Class,AB-10150120,Aimee Bixby,Consumer,Barcelona,Catalonia,Spain,Southern Europe,Europe,TEC-MA-4199,Technology,Machines,"Epson Inkjet, Wireless",2219.184,8,24.624,215.35,Medium,2013
31072,IN-2015-GK1462092-42294,17-10-2015,20-10-2015,3,Second Class,GK-1462092,Grace Kelly,Corporate,Napier,Hawke's Bay,New Zealand,Oceania,Asia Pacific,TEC-CO-3597,Technology,Copiers,"Brother Fax Machine, High-Speed",2533.92,8,278.64,215.33,Medium,2015
4203,US-2015-SC2057582-42342,04-12-2015,07-12-2015,3,Second Class,SC-2057582,Sonia Cooley,Consumer,Torreón,Coahuila,Mexico,Central America,LATAM,FUR-TA-4712,Furniture,Tables,"Hon Wood Table, Rectangular",1410.4,5,-88.2,215.128,Critical,2015
24711,IN-2013-CC1247566-41572,25-10-2013,25-10-2013,0,Same Day,CC-1247566,Cindy Chapman,Consumer,Noda,Chiba,Japan,Eastern Asia,Asia Pacific,FUR-TA-3762,Furniture,Tables,"Chromcraft Computer Table, with Bottom Storage",1773.72,5,44.22,215,High,2013
50607,BN-2012-DO343515-41172,20-09-2012,25-09-2012,5,Standard Class,DO-343515,Denny Ordway,Consumer,Porto-Novo,Ouémé,Benin,Western Africa,Africa,TEC-PH-5351,Technology,Phones,"Nokia Signal Booster, Full Size",1377.9,10,289.2,214.97,High,2012
1815,MX-2012-NS1850582-41223,10-11-2012,17-11-2012,7,Standard Class,NS-1850582,Neola Schneider,Consumer,Puebla,Puebla,Mexico,Central America,LATAM,TEC-PH-5269,Technology,Phones,"Motorola Smart Phone, with Caller ID",2582.16,6,516.36,214.883,Medium,2012
36275,CA-2013-AH10210140-41615,07-12-2013,09-12-2013,2,First Class,AH-102101406,Alan Hwang,Consumer,New York City,New York,United States,Eastern US,USCA,TEC-PH-3966,Technology,Phones,Digium D40 VoIP phone,773.94,6,224.4426,121.91,Medium,2013
16407,IT-2013-TS2143045-41346,13-03-2013,15-03-2013,2,Second Class,TS-2143045,Tom Stivers,Corporate,Outreau,Nord-Pas-de-Calais-Picardie,France,Western Europe,Europe,TEC-PH-3784,Technology,Phones,"Cisco Audio Dock, Cordless",1257.456,8,-29.664,214.54,High,2013
33778,CA-2015-AH10210140-42363,25-12-2015,01-01-2016,7,Standard Class,AH-102101404,Alan Hwang,Consumer,Seattle,Washington,United States,Western US,USCA,OFF-ST-5422,Office Supplies,Storage,Office Impressions Heavy Duty Welded Shelving & Multimedia Storage Drawers,1003.62,6,0,121.83,Low,2015
767,MX-2012-AZ1075093-41271,28-12-2012,30-12-2012,2,Second Class,AZ-1075093,Annie Zypern,Consumer,León,León,Nicaragua,Central America,LATAM,FUR-CH-5378,Furniture,Chairs,"Novimex Executive Leather Armchair, Adjustable",2429.44,8,534.4,214.422,Medium,2012
40387,US-2015-AH10210140-42291,14-10-2015,16-10-2015,2,First Class,AH-102101408,Alan Hwang,Consumer,Louisville,Kentucky,United States,Southern US,USCA,OFF-ST-6315,Office Supplies,Storage,"Trav-L-File Heavy-Duty Shuttle II, Black",348.56,8,104.568,116.69,High,2015
15424,ES-2015-IG1508545-42032,28-01-2015,04-02-2015,7,Standard Class,IG-1508545,Ivan Gibson,Consumer,Bourg-en-Bresse,Auvergne-Rhône-Alpes,France,Western Europe,Europe,FUR-BO-3901,Furniture,Bookcases,"Dania Library with Doors, Metal",977.022,3,271.332,214.21,Low,2015
15440,IT-2014-SP2086045-41956,13-11-2014,18-11-2014,5,Standard Class,SP-2086045,Sung Pak,Corporate,Mulhouse,Alsace-Champagne-Ardenne-Lorraine,France,Western Europe,Europe,FUR-CH-5774,Furniture,Chairs,"SAFCO Executive Leather Armchair, Black",2891.7,7,1188.81,214.13,Medium,2014
40570,CA-2015-AH10210140-42250,03-09-2015,07-09-2015,4,Standard Class,AH-102101408,Alan Hwang,Consumer,Henderson,Kentucky,United States,Southern US,USCA,OFF-BI-4338,Office Supplies,Binders,GBC DocuBind 300 Electric Binding Machine,1577.94,3,757.4112,74.59,Medium,2015
28058,ID-2013-KM162257-41501,15-08-2013,19-08-2013,4,Standard Class,KM-162257,Kalyca Meade,Corporate,Geelong,Victoria,Australia,Oceania,Asia Pacific,TEC-CO-3708,Technology,Copiers,"Canon Wireless Fax, Digital",2042.82,6,-136.26,213.93,High,2013
5745,MX-2015-BS1136518-42199,14-07-2015,16-07-2015,2,First Class,BS-1136518,Bill Shonely,Corporate,Americana,São Paulo,Brazil,South America,LATAM,TEC-CO-4776,Technology,Copiers,"HP Fax Machine, Laser",997.8004,5,327.9004,213.775,High,2015
22197,IN-2013-TC211457-41286,12-01-2013,17-01-2013,5,Standard Class,TC-211457,Theresa Coyne,Corporate,Melbourne,Victoria,Australia,Oceania,Asia Pacific,TEC-MA-5499,Technology,Machines,"Okidata Card Printer, White",1411.344,9,486.054,213.5,High,2013
43214,IR-2013-KM672060-41389,25-04-2013,25-04-2013,0,Same Day,KM-672060,Kunst Miller,Consumer,Kashan,Esfahan,Iran,Southern Asia,Asia Pacific,FUR-BO-4851,Furniture,Bookcases,"Ikea Classic Bookcase, Traditional",1647,4,625.8,213.37,High,2013
23694,ID-2014-AH105857-41926,14-10-2014,17-10-2014,3,First Class,AH-105857,Angele Hood,Consumer,Sunbury,Victoria,Australia,Oceania,Asia Pacific,FUR-BO-3902,Furniture,Bookcases,"Dania Library with Doors, Mobile",1313.712,4,102.072,213.19,Medium,2014
22516,IN-2013-GM144407-41401,07-05-2013,10-05-2013,3,First Class,GM-144407,Gary McGarr,Consumer,Gold Coast,Queensland,Australia,Oceania,Asia Pacific,TEC-CO-4792,Technology,Copiers,"HP Wireless Fax, Laser",972.567,3,194.427,213.19,High,2013
23962,IN-2012-BF1097527-41128,07-08-2012,07-08-2012,0,Same Day,BF-1097527,Barbara Fisher,Corporate,Guangzhou,Guangdong,China,Eastern Asia,Asia Pacific,TEC-CO-3689,Technology,Copiers,"Canon Fax Machine, Laser",1273.56,4,573,213.03,Medium,2012
19839,ES-2012-MM1805548-41259,16-12-2012,20-12-2012,4,Standard Class,MM-1805548,Michelle Moray,Consumer,Herford,North Rhine-Westphalia,Germany,Western Europe,Europe,TEC-PH-5355,Technology,Phones,"Nokia Smart Phone, Full Size",1908.18,3,820.44,212.94,Medium,2012
37599,CA-2015-AH10210140-42332,24-11-2015,28-11-2015,4,Standard Class,AH-102101402,Alan Hwang,Consumer,Dallas,Texas,United States,Central US,USCA,TEC-PH-5560,Technology,Phones,Panasonic KX TS208W Corded phone,195.96,5,19.596,26.17,High,2015
24932,ID-2012-RB193607-41227,14-11-2012,18-11-2012,4,Standard Class,RB-193607,Raymond Buch,Consumer,Cairns,Queensland,Australia,Oceania,Asia Pacific,FUR-BO-4863,Furniture,Bookcases,"Ikea Library with Doors, Traditional",2398.374,11,-1479.126,212.87,High,2012
45596,UP-2013-NC8415137-41583,05-11-2013,08-11-2013,3,First Class,NC-8415137,Nathan Cano,Consumer,L'viv,L'viv,Ukraine,Eastern Europe,Europe,TEC-MA-4193,Technology,Machines,"Epson Card Printer, Durable",680.28,4,231.24,212.86,Critical,2013
15270,ES-2013-GR1456096-41280,06-01-2013,09-01-2013,3,First Class,GR-1456096,Georgia Rosenberg,Corporate,Oslo,Oslo,Norway,Northern Europe,Europe,TEC-CO-4575,Technology,Copiers,"Hewlett Fax Machine, Color",964.08,3,337.41,212.76,Medium,2013
35712,CA-2012-AH10210140-41241,28-11-2012,05-12-2012,7,Standard Class,AH-102101404,Alan Hwang,Consumer,San Francisco,California,United States,Western US,USCA,TEC-PH-6413,Technology,Phones,Wilson SignalBoost 841262 DB PRO Amplifier Kit,575.92,2,71.99,17.88,Medium,2012
27922,IN-2012-SN207107-41174,22-09-2012,26-09-2012,4,Standard Class,SN-207107,Steve Nguyen,Home Office,Geelong,Victoria,Australia,Oceania,Asia Pacific,TEC-CO-4591,Technology,Copiers,"Hewlett Wireless Fax, Digital",1709.235,5,588.735,212.72,High,2012
49747,IZ-2013-DL333061-41514,28-08-2013,30-08-2013,2,First Class,DL-333061,Denise Leinenbach,Consumer,Arbil,Arbil,Iraq,Western Asia,Asia Pacific,FUR-TA-3771,Furniture,Tables,"Chromcraft Round Table, Rectangular",929.34,2,65.04,212.15,Medium,2013
36180,CA-2015-AH10210140-42072,09-03-2015,16-03-2015,7,Standard Class,AH-102101404,Alan Hwang,Consumer,Anaheim,California,United States,Western US,USCA,OFF-BI-4485,Office Supplies,Binders,"Green Canvas Binder for 8-1/2"" x 14"" Sheets",171.2,5,64.2,12.9,Medium,2015
31562,CA-2013-AH10210140-41588,10-11-2013,15-11-2013,5,Standard Class,AH-102101404,Alan Hwang,Consumer,Brentwood,California,United States,Western US,USCA,TEC-AC-5237,Technology,Accessories,Microsoft Sculpt Comfort Mouse,79.9,2,35.156,5.46,Medium,2013
26745,IN-2015-CJ118757-42172,17-06-2015,21-06-2015,4,Standard Class,CJ-118757,Carl Jackson,Corporate,Brisbane,Queensland,Australia,Oceania,Asia Pacific,TEC-CO-4592,Technology,Copiers,"Hewlett Wireless Fax, High-Speed",2383.857,7,794.577,211.7,High,2015
16452,ES-2013-AY10555139-41430,05-06-2013,11-06-2013,6,Standard Class,AY-10555139,Andy Yotov,Corporate,Bradford,England,United Kingdom,Northern Europe,Europe,TEC-CO-3708,Technology,Copiers,"Canon Wireless Fax, Digital",1891.5,5,832.2,211.56,Medium,2013
7361,MX-2014-CP1234036-41762,03-05-2014,04-05-2014,1,First Class,CP-1234036,Christine Phan,Corporate,San Pedro de Macorís,San Pedro de Macorís,Dominican Republic,Caribbean,LATAM,OFF-AP-4965,Office Supplies,Appliances,"KitchenAid Stove, Red",912.24,3,68.4,211.554,High,2014
6274,MX-2014-MP1747093-41914,02-10-2014,05-10-2014,3,First Class,MP-1747093,Mark Packer,Home Office,Estelí,Estelí,Nicaragua,Central America,LATAM,TEC-CO-6012,Technology,Copiers,"Sharp Wireless Fax, Laser",947.22176,4,377.70176,211.552,High,2014
19775,ES-2012-PJ19015139-41257,14-12-2012,18-12-2012,4,Standard Class,PJ-19015139,Pauline Johnson,Consumer,London,England,United Kingdom,Northern Europe,Europe,FUR-BO-5761,Furniture,Bookcases,"Safco Classic Bookcase, Mobile",1983.015,5,616.815,211.36,High,2012
4000,MX-2013-NC1841593-41572,25-10-2013,29-10-2013,4,Standard Class,NC-1841593,Nathan Cano,Consumer,Matagalpa,Matagalpa,Nicaragua,Central America,LATAM,TEC-PH-5268,Technology,Phones,"Motorola Smart Phone, Full Size",2146.6,5,429.3,211.307,Medium,2013
10501,ES-2014-BV11245120-41688,18-02-2014,25-02-2014,7,Standard Class,BV-11245120,Benjamin Venier,Corporate,San Sebastian,Basque Country,Spain,Southern Europe,Europe,TEC-CO-3595,Technology,Copiers,"Brother Fax Machine, Color",2879.82,9,1295.73,211.3,Medium,2014
10780,ES-2015-LW1682545-42258,11-09-2015,12-09-2015,1,First Class,LW-1682545,Laurel Workman,Corporate,Schiltigheim,Alsace-Champagne-Ardenne-Lorraine,France,Western Europe,Europe,FUR-TA-3350,Furniture,Tables,"Barricks Round Table, Rectangular",1622.01,5,-623.94,211.17,High,2015
17707,ES-2014-BO1142545-41927,15-10-2014,19-10-2014,4,Standard Class,BO-1142545,Bobby Odegard,Consumer,Paris,Ile-de-France,France,Western Europe,Europe,OFF-AP-3865,Office Supplies,Appliances,"Cuisinart Microwave, Red",1503.684,6,284.004,211.16,High,2014
36273,CA-2013-AH10210140-41615,07-12-2013,09-12-2013,2,First Class,AH-102101406,Alan Hwang,Consumer,New York City,New York,United States,Eastern US,USCA,OFF-BI-5642,Office Supplies,Binders,Pressboard Data Binders by Wilson Jones,21.36,5,7.209,2.13,Medium,2013
21476,ID-2014-EB1384059-41928,16-10-2014,18-10-2014,2,First Class,EB-1384059,Ellis Ballard,Corporate,Depok,Jawa Barat,Indonesia,Southeastern Asia,Asia Pacific,OFF-AP-3873,Office Supplies,Appliances,"Cuisinart Stove, Red",893.5614,2,247.6014,211.08,Critical,2014
4020,MX-2015-SG2047031-42074,11-03-2015,14-03-2015,3,First Class,SG-2047031,Sheri Gordon,Consumer,Consolación del Sur,Pinar del Río,Cuba,Caribbean,LATAM,FUR-TA-5060,Furniture,Tables,"Lesro Conference Table, with Bottom Storage",1143.44,2,320.16,210.795,Critical,2015
45898,MO-2015-PO919586-42264,17-09-2015,21-09-2015,4,Standard Class,PO-919586,Phillina Ober,Home Office,Tangier,Tanger-Tétouan,Morocco,North Africa,Africa,TEC-CO-3707,Technology,Copiers,"Canon Wireless Fax, Color",2280.6,6,136.8,210.65,Medium,2015
8137,MX-2012-CS1184516-41216,03-11-2012,05-11-2012,2,Second Class,CS-1184516,Cari Sayre,Corporate,Oruro,Oruro,Bolivia,South America,LATAM,OFF-AP-4735,Office Supplies,Appliances,"Hoover Refrigerator, Black",1401.84,4,126.16,210.637,High,2012
12242,ES-2015-KB1658548-42276,29-09-2015,06-10-2015,7,Standard Class,KB-1658548,Ken Black,Corporate,Munich,Bavaria,Germany,Western Europe,Europe,TEC-MA-4207,Technology,Machines,"Epson Printer, White",2088.24,8,83.52,210.59,Low,2015
28853,IN-2015-EM1414058-42194,09-07-2015,13-07-2015,4,Standard Class,EM-1414058,Eugene Moren,Home Office,Malegaon,Maharashtra,India,Southern Asia,Asia Pacific,FUR-BO-3897,Furniture,Bookcases,"Dania Floating Shelf Set, Metal",2194.53,13,438.75,210.22,High,2015
13781,ES-2013-KN1639048-41352,19-03-2013,19-03-2013,0,Same Day,KN-1639048,Katherine Nockton,Corporate,Euskirchen,North Rhine-Westphalia,Germany,Western Europe,Europe,OFF-ST-5701,Office Supplies,Storage,"Rogers Lockers, Industrial",1527.12,8,474.96,209.96,High,2013
29842,IN-2014-SL2015566-41803,13-06-2014,15-06-2014,2,Second Class,SL-2015566,Sara Luxemburg,Home Office,Sakai,Gunma,Japan,Eastern Asia,Asia Pacific,OFF-AP-3864,Office Supplies,Appliances,"Cuisinart Microwave, Black",972.615,7,-486.465,209.86,Critical,2014
10552,IT-2014-KC1667548-41882,31-08-2014,03-09-2014,3,First Class,KC-1667548,Kimberly Carter,Corporate,Celle,Lower Saxony,Germany,Western Europe,Europe,TEC-MA-5573,Technology,Machines,"Panasonic Printer, White",794.7,3,174.78,209.73,Critical,2014
24526,IN-2014-CM1211578-41783,24-05-2014,28-05-2014,4,Standard Class,CM-1211578,Chad McGuire,Consumer,Kota Kinabalu,Sabah,Malaysia,Southeastern Asia,Asia Pacific,FUR-CH-5380,Furniture,Chairs,"Novimex Executive Leather Armchair, Red",2761.2,6,110.34,209.38,Medium,2014
50372,RS-2012-GZ4545108-41088,28-06-2012,03-07-2012,5,Standard Class,GZ-4545108,George Zrebassa,Corporate,Blagoveshchensk,Amur,Russia,Eastern Europe,Europe,FUR-BO-3626,Furniture,Bookcases,"Bush Classic Bookcase, Pine",3312.24,8,1622.88,209.36,Medium,2012
1804,MX-2012-DK1298582-41256,13-12-2012,13-12-2012,0,Same Day,DK-1298582,Darren Koutras,Consumer,Tijuana,Baja California,Mexico,Central America,LATAM,FUR-BO-5966,Furniture,Bookcases,"Sauder Library with Doors, Metal",825.792,4,41.232,209.316,Critical,2012
35713,CA-2012-AH10210140-41241,28-11-2012,05-12-2012,7,Standard Class,AH-102101404,Alan Hwang,Consumer,San Francisco,California,United States,Western US,USCA,OFF-FA-6129,Office Supplies,Fasteners,Staples,30.4,5,15.2,2.12,Medium,2012
28537,IN-2014-DK1298558-41863,12-08-2014,17-08-2014,5,Standard Class,DK-1298558,Darren Koutras,Consumer,Delhi,Delhi,India,Southern Asia,Asia Pacific,TEC-PH-5355,Technology,Phones,"Nokia Smart Phone, Full Size",3180.3,5,381.6,209.29,Medium,2014
28032,IN-2013-PN1877527-41527,10-09-2013,12-09-2013,2,Second Class,PN-1877527,Parhena Norris,Home Office,Tianjin,Tianjin,China,Eastern Asia,Asia Pacific,FUR-CH-5441,Furniture,Chairs,"Office Star Executive Leather Armchair, Adjustable",1860,4,316.2,209.07,High,2013
22455,IN-2014-MS1798058-41801,11-06-2014,17-06-2014,6,Standard Class,MS-1798058,Michael Stewart,Corporate,Hyderabad,Telangana,India,Southern Asia,Asia Pacific,TEC-PH-5269,Technology,Phones,"Motorola Smart Phone, with Caller ID",2582.16,4,361.44,208.88,Medium,2014
26229,IN-2014-EH1412578-41936,24-10-2014,24-10-2014,0,Same Day,EH-1412578,Eugene Hildebrand,Home Office,Kota Kinabalu,Sabah,Malaysia,Southeastern Asia,Asia Pacific,TEC-PH-5246,Technology,Phones,"Motorola Audio Dock, Cordless",881.1,5,184.95,208.56,High,2014
14941,ES-2014-AG1090045-41801,11-06-2014,15-06-2014,4,Standard Class,AG-1090045,Arthur Gainer,Consumer,Villeneuve-Saint-Georges,Ile-de-France,France,Western Europe,Europe,TEC-PH-5354,Technology,Phones,"Nokia Smart Phone, Cordless",1622.1825,3,324.3825,208.39,High,2014
12164,ES-2013-AB10150139-41537,20-09-2013,22-09-2013,2,Second Class,AB-10150139,Aimee Bixby,Consumer,London,England,United Kingdom,Northern Europe,Europe,TEC-MA-5007,Technology,Machines,"Konica Inkjet, White",1677.186,6,521.766,208.31,High,2013
29434,IN-2015-BS1159066-42139,15-05-2015,17-05-2015,2,Second Class,BS-1159066,Brendan Sweed,Corporate,Takasaki,Gunma,Japan,Eastern Asia,Asia Pacific,TEC-PH-3129,Technology,Phones,"Apple Audio Dock, VoIP",1001.88,6,230.4,208.13,Critical,2015
34752,CA-2014-AH10210140-41690,20-02-2014,27-02-2014,7,Standard Class,AH-102101408,Alan Hwang,Consumer,Nashville,Tennessee,United States,Southern US,USCA,OFF-PA-6092,Office Supplies,Paper,"Speediset Carbonless Redi-Letter 7"" x 8 1/2""",16.496,2,5.5674,1.72,Medium,2014
17222,ES-2012-BP11185139-41252,09-12-2012,12-12-2012,3,First Class,BP-11185139,Ben Peterman,Corporate,London,England,United Kingdom,Northern Europe,Europe,OFF-AP-4730,Office Supplies,Appliances,"Hoover Microwave, Black",554.526,2,-0.054,207.93,Critical,2012
694,MX-2014-BH1171039-41930,18-10-2014,22-10-2014,4,Standard Class,BH-1171039,Brosina Hoffman,Consumer,San Salvador,San Salvador,El Salvador,Central America,LATAM,TEC-PH-5841,Technology,Phones,"Samsung Smart Phone, VoIP",2120.8,5,275.7,207.892,High,2014
50567,IR-2014-AS28560-41972,29-11-2014,04-12-2014,5,Standard Class,AS-28560,Alejandro Savely,Corporate,Khorramabad,Lorestan,Iran,Southern Asia,Asia Pacific,TEC-PH-3801,Technology,Phones,"Cisco Signal Booster, Full Size",1531.2,10,45.9,207.81,High,2014
50693,QA-2015-LM7065105-42362,24-12-2015,28-12-2015,4,Standard Class,LM-7065105,Liz MacKendrick,Consumer,Doha,Ad Dawhah,Qatar,Western Asia,Asia Pacific,TEC-CO-3681,Technology,Copiers,"Canon Copy Machine, Laser",1572.84,6,141.48,207.49,High,2015
20954,IN-2013-SC2080058-41310,05-02-2013,10-02-2013,5,Standard Class,SC-2080058,Stuart Calhoun,Consumer,Bhilai,Chhattisgarh,India,Southern Asia,Asia Pacific,FUR-BO-3891,Furniture,Bookcases,"Dania Classic Bookcase, Pine",1236.33,3,519.21,207.44,High,2013
36274,CA-2013-AH10210140-41615,07-12-2013,09-12-2013,2,First Class,AH-102101406,Alan Hwang,Consumer,New York City,New York,United States,Eastern US,USCA,OFF-BI-3268,Office Supplies,Binders,Avery Durable Slant Ring Binders With Label Holder,6.688,2,2.3408,1.53,Medium,2013
24342,IN-2015-AP1091527-42244,28-08-2015,29-08-2015,1,First Class,AP-1091527,Arthur Prichep,Consumer,Shouguang,Shandong,China,Eastern Asia,Asia Pacific,TEC-CO-4591,Technology,Copiers,"Hewlett Wireless Fax, Digital",759.66,2,311.46,207.21,High,2015
25407,ID-2014-SV208157-41679,09-02-2014,15-02-2014,6,Standard Class,SV-208157,Stuart Van,Corporate,Gold Coast,Queensland,Australia,Oceania,Asia Pacific,FUR-TA-3770,Furniture,Tables,"Chromcraft Round Table, Fully Assembled",2951.991,9,-632.799,206.92,Medium,2014
36181,CA-2015-AH10210140-42072,09-03-2015,16-03-2015,7,Standard Class,AH-102101404,Alan Hwang,Consumer,Anaheim,California,United States,Western US,USCA,OFF-AR-5301,Office Supplies,Art,Newell 323,3.36,2,0.8736,1.27,Medium,2015
14954,IT-2012-MP1817545-41040,11-05-2012,13-05-2012,2,First Class,MP-1817545,Mike Pelletier,Home Office,Bordeaux,Aquitaine-Limousin-Poitou-Charentes,France,Western Europe,Europe,FUR-TA-3780,Furniture,Tables,"Chromcraft Wood Table, with Bottom Storage",627.276,2,-135.144,206.61,Critical,2012
33273,CA-2012-AS10225140-41199,17-10-2012,19-10-2012,2,Second Class,AS-102251408,Alan Schoenberger,Corporate,Montgomery,Alabama,United States,Southern US,USCA,TEC-PH-3183,Technology,Phones,Avaya IP Phone 1140E VoIP phone,1394.95,5,362.687,140.1,Medium,2012
45019,AL-2014-TT114602-41863,12-08-2014,14-08-2014,2,First Class,TT-114602,Tonja Turnell,Home Office,Durres,Durrës,Albania,Southern Europe,Europe,TEC-PH-3818,Technology,Phones,"Cisco Speaker Phone, with Caller ID",553.92,4,22.08,206.56,Critical,2014
15900,ES-2015-PS1876048-42179,24-06-2015,30-06-2015,6,Standard Class,PS-1876048,Pamela Stobb,Consumer,Frankfurt,Hesse,Germany,Western Europe,Europe,TEC-PH-5269,Technology,Phones,"Motorola Smart Phone, with Caller ID",3873.24,6,890.82,206.54,Medium,2015
23824,IN-2015-RR1952527-42035,31-01-2015,01-02-2015,1,First Class,RR-1952527,Rick Reed,Corporate,Shanghai,Shanghai,China,Eastern Asia,Asia Pacific,TEC-CO-3587,Technology,Copiers,"Brother Copy Machine, Color",791.19,3,126.54,206.41,Critical,2015
29423,IN-2015-AC1042027-42150,26-05-2015,30-05-2015,4,Standard Class,AC-1042027,Alyssa Crouse,Corporate,Kunming,Yunnan,China,Eastern Asia,Asia Pacific,FUR-BO-4851,Furniture,Bookcases,"Ikea Classic Bookcase, Traditional",2470.5,6,518.76,206.39,Medium,2015
5732,MX-2012-TP2113082-41207,25-10-2012,27-10-2012,2,First Class,TP-2113082,Theone Pippenger,Consumer,Puebla,Puebla,Mexico,Central America,LATAM,TEC-PH-3148,Technology,Phones,"Apple Smart Phone, Full Size",2120.7,5,63.6,206.327,High,2012
31009,IN-2015-CG1204092-42032,28-01-2015,30-01-2015,2,Second Class,CG-1204092,Catherine Glotzbach,Home Office,Wellington,Wellington,New Zealand,Oceania,Asia Pacific,FUR-BO-3629,Furniture,Bookcases,"Bush Corner Shelving, Mobile",759.06,6,15.12,206.28,Critical,2015
29026,ID-2014-BG1103527-41781,22-05-2014,24-05-2014,2,First Class,BG-1103527,Barry Gonzalez,Consumer,Anqing,Anhui,China,Eastern Asia,Asia Pacific,OFF-AP-4737,Office Supplies,Appliances,"Hoover Refrigerator, Silver",1581.03,3,790.47,206.05,Critical,2014
29578,ID-2012-CR12580144-41132,11-08-2012,14-08-2012,3,Second Class,CR-12580144,Clay Rozendal,Home Office,Ho Chi Minh City,Ho Chí Minh City,Vietnam,Southeastern Asia,Asia Pacific,TEC-CO-4570,Technology,Copiers,"Hewlett Copy Machine, Laser",1161.1971,7,-147.5229,205.96,High,2012
48962,TZ-2012-TR11325129-41031,02-05-2012,04-05-2012,2,First Class,TR-11325129,Toby Ritter,Consumer,Dar es Salaam,Dar Es Salaam,Tanzania,Eastern Africa,Africa,TEC-CO-4575,Technology,Copiers,"Hewlett Fax Machine, Color",642.72,2,224.94,205.74,Critical,2012
7711,MX-2014-SC2044082-41877,26-08-2014,27-08-2014,1,First Class,SC-2044082,Shaun Chance,Corporate,Victoria,Tamaulipas,Mexico,Central America,LATAM,TEC-PH-3807,Technology,Phones,"Cisco Smart Phone, with Caller ID",1308.48,3,13.08,205.721,High,2014
20937,IN-2013-CA1277558-41548,01-10-2013,07-10-2013,6,Standard Class,CA-1277558,Cynthia Arntzen,Consumer,Delhi,Delhi,India,Southern Asia,Asia Pacific,FUR-TA-3762,Furniture,Tables,"Chromcraft Computer Table, with Bottom Storage",3547.44,8,780.24,205.63,Medium,2013
28974,IN-2014-BT1168027-41815,25-06-2014,26-06-2014,1,First Class,BT-1168027,Brian Thompson,Consumer,Anshan,Liaoning,China,Eastern Asia,Asia Pacific,FUR-BO-3904,Furniture,Bookcases,"Dania Library with Doors, Traditional",724.8,2,333.36,205.55,High,2014
33951,CA-2015-AS10225140-42265,18-09-2015,22-09-2015,4,Second Class,AS-102251404,Alan Schoenberger,Corporate,Provo,Utah,United States,Western US,USCA,FUR-BO-4391,Furniture,Bookcases,"Global Adaptabilites Bookcase, Cherry/Storm Gray Finish",1292.94,3,77.5764,77.12,Medium,2015
3117,MX-2015-CC1237026-42115,21-04-2015,24-04-2015,3,First Class,CC-1237026,Christopher Conant,Consumer,Copiapó,Atacama,Chile,South America,LATAM,FUR-CH-5394,Furniture,Chairs,"Novimex Rocking Chair, Adjustable",803.52,9,80.28,205.336,High,2015
33272,CA-2012-AS10225140-41199,17-10-2012,19-10-2012,2,Second Class,AS-102251408,Alan Schoenberger,Corporate,Montgomery,Alabama,United States,Southern US,USCA,OFF-ST-4456,Office Supplies,Storage,"Gould Plastics 18-Pocket Panel Bin, 34w x 5-1/4d x 20-1/2h",275.97,3,11.0388,36.12,Medium,2012
5005,MX-2015-DC1328582-42091,28-03-2015,30-03-2015,2,First Class,DC-1328582,Debra Catini,Consumer,Ensenada,Baja California,Mexico,Central America,LATAM,FUR-TA-5067,Furniture,Tables,"Lesro Training Table, Adjustable Height",1011.696,7,126.336,205.218,High,2015
2682,MX-2015-JE1574531-42255,08-09-2015,12-09-2015,4,Second Class,JE-1574531,Joel Eaton,Consumer,Camagüey,Camagüey,Cuba,Caribbean,LATAM,FUR-TA-3357,Furniture,Tables,"Barricks Wood Table, Fully Assembled",2419.2,7,411.18,205.167,High,2015
8146,MX-2014-DB1321036-41961,18-11-2014,20-11-2014,2,First Class,DB-1321036,Dean Braden,Consumer,La Romana,La Romana,Dominican Republic,Caribbean,LATAM,OFF-AP-3570,Office Supplies,Appliances,"Breville Microwave, Black",803.04,5,180.64,205.148,High,2014
424,MX-2015-LS1720080-42294,17-10-2015,20-10-2015,3,First Class,LS-1720080,Luke Schmidt,Corporate,Fort-de-France,Martinique,Martinique,Caribbean,LATAM,FUR-TA-3762,Furniture,Tables,"Chromcraft Computer Table, with Bottom Storage",1773.72,6,212.76,205.114,High,2015
14021,ES-2013-BE11335139-41340,07-03-2013,12-03-2013,5,Second Class,BE-11335139,Bill Eplett,Home Office,Kingswood,England,United Kingdom,Northern Europe,Europe,TEC-CO-3710,Technology,Copiers,"Canon Wireless Fax, Laser",1893.3,5,927.6,205.01,Medium,2013
12216,ES-2015-BN11470139-42110,16-04-2015,16-04-2015,0,Same Day,BN-11470139,Brad Norvell,Corporate,Dudley,England,United Kingdom,Northern Europe,Europe,TEC-CO-4571,Technology,Copiers,"Hewlett Fax and Copier, Color",777.24,4,170.88,205.01,Critical,2015
27983,IN-2013-MH180257-41443,18-06-2013,20-06-2013,2,Second Class,MH-180257,Michelle Huthwaite,Consumer,Adelaide,South Australia,Australia,Oceania,Asia Pacific,OFF-ST-6282,Office Supplies,Storage,"Tenex Trays, Industrial",689.094,14,-53.886,204.72,Critical,2013
14388,IT-2012-MS17830139-41103,13-07-2012,14-07-2012,1,First Class,MS-17830139,Melanie Seite,Consumer,London,England,United Kingdom,Northern Europe,Europe,TEC-PH-3146,Technology,Phones,"Apple Signal Booster, with Caller ID",737.91,6,-8.37,204.65,Critical,2012
13479,IT-2014-JB1592548-41789,30-05-2014,04-06-2014,5,Standard Class,JB-1592548,Joni Blumstein,Consumer,Trier,Rhineland-Palatinate,Germany,Western Europe,Europe,TEC-PH-5268,Technology,Phones,"Motorola Smart Phone, Full Size",2570.76,4,976.8,204.64,Medium,2014
16812,ES-2014-TW21025139-41807,17-06-2014,20-06-2014,3,Second Class,TW-21025139,Tamara Willingham,Home Office,Leeds,England,United Kingdom,Northern Europe,Europe,TEC-CO-4776,Technology,Copiers,"HP Fax Machine, Laser",1199.76,4,479.88,204.43,Medium,2014
21554,IN-2015-GW1460527-42089,26-03-2015,29-03-2015,3,Second Class,GW-1460527,Giulietta Weimer,Consumer,Luoyang,Guangdong,China,Eastern Asia,Asia Pacific,TEC-CO-6009,Technology,Copiers,"Sharp Wireless Fax, Color",3216.24,9,96.39,204.36,High,2015
1702,US-2012-SC2072518-41166,14-09-2012,16-09-2012,2,First Class,SC-2072518,Steven Cartwright,Consumer,Petrópolis,Rio de Janeiro,Brazil,South America,LATAM,FUR-TA-3341,Furniture,Tables,"Barricks Computer Table, Fully Assembled",1274.24,5,-127.46,204.313,High,2012
19853,ES-2013-LR1691544-41537,20-09-2013,25-09-2013,5,Second Class,LR-1691544,Lena Radford,Consumer,Vantaa,Uusimaa,Finland,Northern Europe,Europe,OFF-AP-3875,Office Supplies,Appliances,"Cuisinart Stove, White",2145.72,4,364.68,204.29,Medium,2013
33274,CA-2012-AS10225140-41199,17-10-2012,19-10-2012,2,Second Class,AS-102251408,Alan Schoenberger,Corporate,Montgomery,Alabama,United States,Southern US,USCA,FUR-CH-4429,Furniture,Chairs,"Global Wood Trimmed Manager's Task Chair, Khaki",545.88,6,70.9644,29.9,Medium,2012
30193,IN-2012-PB19210127-41259,16-12-2012,19-12-2012,3,First Class,PB-19210127,Phillip Breyer,Corporate,Taipei,Taipei City,Taiwan,Eastern Asia,Asia Pacific,FUR-CH-5454,Furniture,Chairs,"Office Star Swivel Stool, Adjustable",882.15,5,114.6,203.92,Critical,2012
33950,CA-2015-AS10225140-42265,18-09-2015,22-09-2015,4,Second Class,AS-102251404,Alan Schoenberger,Corporate,Provo,Utah,United States,Western US,USCA,OFF-PA-4465,Office Supplies,Paper,Green Bar Computer Printout Paper,164.88,3,80.7912,12.73,Medium,2015
14079,ES-2012-FO1430545-41141,20-08-2012,20-08-2012,0,Same Day,FO-1430545,Frank Olsen,Consumer,Noisy-le-Grand,Ile-de-France,France,Western Europe,Europe,OFF-ST-6047,Office Supplies,Storage,"Smead Lockers, Industrial",895.05,5,178.95,203.67,High,2012
47959,SY-2013-SV10815126-41541,24-09-2013,28-09-2013,4,Standard Class,SV-10815126,Stuart Van,Corporate,Homs,Hims,Syria,Western Asia,Asia Pacific,TEC-PH-3807,Technology,Phones,"Cisco Smart Phone, with Caller ID",1570.176,4,104.616,203.61,High,2013
24278,IN-2015-JF1541527-42095,01-04-2015,05-04-2015,4,Standard Class,JF-1541527,Jennifer Ferguson,Consumer,Liaoyang,Liaoning,China,Eastern Asia,Asia Pacific,FUR-TA-3442,Furniture,Tables,"Bevis Wood Table, with Bottom Storage",2614.689,7,-821.961,203.26,Medium,2015
36249,CA-2015-AS10225140-42347,09-12-2015,13-12-2015,4,Second Class,AS-102251404,Alan Schoenberger,Corporate,San Francisco,California,United States,Western US,USCA,OFF-AP-3371,Office Supplies,Appliances,Belkin 8-Outlet Premiere SurgeMaster II Surge Protectors,69.48,1,20.844,12.04,High,2015
30517,IN-2014-CK1259592-41929,17-10-2014,19-10-2014,2,Second Class,CK-1259592,Clytie Kelty,Consumer,Taupo,Waikato,New Zealand,Oceania,Asia Pacific,TEC-CO-3689,Technology,Copiers,"Canon Fax Machine, Laser",636.78,2,286.5,203.2,Critical,2014
1408,MX-2014-SS2014018-41658,19-01-2014,26-01-2014,7,Standard Class,SS-2014018,Saphhira Shifley,Corporate,Araguaína,Tocantins,Brazil,South America,LATAM,FUR-BO-3627,Furniture,Bookcases,"Bush Classic Bookcase, Traditional",2751.2,10,110,203.132,Medium,2014
20944,ID-2015-RP19855130-42348,10-12-2015,14-12-2015,4,Standard Class,RP-19855130,Roy Phan,Corporate,Bangkok,Bangkok,Thailand,Southeastern Asia,Asia Pacific,TEC-PH-5355,Technology,Phones,"Nokia Smart Phone, Full Size",1587.0015,3,-76.5585,203.08,Medium,2015
